Year,SA2_Name,Mean_Rainfall
2011,Northampton - Mullewa - Greenough,33.89625486381304
2011,Geraldton,35.05303030303016
2011,Bridgetown - Boyup Brook,
2011,Gnowangerup,45.05836864406767
2011,Katanning,
2011,Kojonup,
2011,Plantagenet,
2011,Chittering,31.619117647058687
2011,Cunderdin,40.41128731343269
2011,Dowerin,28.83575078616338
2011,Gingin - Dandaragan,34.68099099099084
2011,Merredin,43.36948198198183
2011,Moora,28.078759259259105
2011,Mukinbudin,33.12159090909075
2011,Northam,36.069186046511476
2011,Toodyay,28.95877192982441
2011,York - Beverley,43.79457671957656
2011,Brookton,48.720411605937784
2011,Kulin,40.563141025640896
2011,Murray,52.27982456140337
2011,Narrogin,52.197222222222095
2011,Wagin,52.29910358565724
2011,Irwin,29.853219696969514
2011,Morawa,30.018980021030334
2011,Esperance Region,42.22037521814994
2011,Albany Region,
2011,Naracoorte Region,
2011,Alfredton,128.20833333333323
2011,Smythes Creek,126.22499999999991
2011,Wendouree - Miners Rest,
2011,Bacchus Marsh Region,102.01249999999989
2011,Creswick - Clunes,124.57121212121203
2011,Gordon (Vic.),111.21231884057958
2011,Avoca,126.39116915422873
2011,Beaufort,125.79077777777765
2011,Golden Plains - North,118.91033333333321
2011,Maryborough Region,121.51728855721382
2011,Loddon,103.2430722891565
2011,Golden Plains - South,110.30423728813545
2011,Winchelsea,104.7971491228069
2011,Euroa,213.8885021097044
2011,Nagambie,87.71987179487162
2011,Rutherglen,
2011,Nhill Region,105.11213235294106
2011,St Arnaud,119.87520161290313
2011,Stawell,121.92467105263145
2011,West Wimmera,146.0297297297296
2011,Yarriambiack,98.34160493827149
2011,Buloke,102.70337487019718
2011,Gannawarra,92.18352713178282
2011,Kerang,90.94333333333324
2011,Robinvale,
2011,Echuca,74.35833333333314
2011,Kyabram,77.44109195402281
2011,Lockington - Gunbower,79.11974358974344
2011,Rochester,75.66488095238081
2011,Rushworth,79.72558479532148
2011,Moira,341.57113095238077
2011,Numurkah,118.93981481481465
2011,Yarrawonga,333.047222222222
2011,Glenelg (Vic.),155.98231292516996
2011,Corangamite - North,117.59752747252733
2011,Moyne - East,123.57635658914715
2011,Moyne - West,139.57786458333322
2011,Deniliquin Region,
2011,Benalla Region,386.23976608187115
2011,Wangaratta Region,
2011,Shepparton Region - West,141.49499999999983
2011,Swan Hill Region,87.81839477726561
2011,Mildura Region,75.02287993282943
2011,Horsham Region,128.08365384615374
2011,Castlemaine Region,107.77228682170531
2011,Ararat Region,124.11005747126423
2011,Southern Grampians,144.86223175965654
2011,Albury - East,
2011,Colac Region,112.18852201257846
2011,Bendigo Region - North,93.70028248587555
2011,Corowa Region,237.77808988764028
2011,Tocumwal - Finley - Jerilderie,157.79852693602678
2011,Scone Region,95.20098039215667
2011,Condobolin,39.77398071625328
2011,Inverell,75.80833333333315
2011,Inverell Region - East,68.30182987141427
2011,Forbes,88.19517045454528
2011,Inverell Region - West,63.43249185667735
2011,Grenfell,81.34295977011476
2011,Parkes (NSW),95.02083333333317
2011,Quirindi,98.20474254742527
2011,Parkes Region,75.00950155763222
2011,West Wyalong,64.91138211382098
2011,Leeton,122.45333333333316
2011,Narrandera,159.47480506822595
2011,Tumut Region,
2011,Mudgee Region - West,139.74612794612779
2011,Cootamundra,
2011,Gundagai,
2011,Blayney,194.93910256410237
2011,Junee,
2011,Orange Region,193.3584983498348
2011,Cowra Region,183.87415730337062
2011,Temora,86.58573717948701
2011,Grafton Region,77.37222222222202
2011,Yass Region,
2011,Young Region,90.38703703703688
2011,Wagga Wagga Region,151.48333333333318
2011,Griffith Region,73.44596078431357
2011,Deniliquin Region,74.80364155251127
2011,Coonamble,51.34965802735765
2011,Nyngan - Warren,46.57492378048764
2011,Walgett - Lightning Ridge,54.938354129530424
2011,Coonabarabran,68.14716167120783
2011,Bathurst Region,165.81111111111093
2011,Gilgandra,56.382271241829905
2011,Dubbo Region,97.02129629629611
2011,Narromine,58.619104803493265
2011,Gunnedah Region,72.35961538461521
2011,Albury Region,
2011,Tamworth Region,86.53731422505288
2011,Wellington,166.30608272506063
2011,Narrabri Region,52.4333699633698
2011,Moree Region,55.487692481883876
2011,Hay,66.91987179487164
2011,Wentworth-Balranald Region,66.65804668304654
2011,Pittsworth,64.19999999999982
2011,Wambo,65.29424603174584
2011,Roma Region,55.23903508771912
2011,Charleville,37.895833333333144
2011,Clifton - Greenmount,71.35797101449258
2011,Southern Downs - East,97.71980874316921
2011,Southern Downs - West,73.04115120274896
2011,Cambooya - Wyreema,67.90185185185167
2011,Central Highlands - East,56.136355721392846
2011,Central Highlands - West,39.76596811308332
2011,Banana,68.23151425762026
2011,Biloela,82.41666666666644
2011,Monto - Eidsvold,62.67155029093913
2011,Lockyer Valley - East,111.02083333333316
2011,Broadsound - Nebo,47.128655419222724
2011,Clermont,40.50326267664155
2011,Balonne,60.73351302785247
2011,Chinchilla,55.07936921296278
2011,Goondiwindi,41.816666666666485
2011,Inglewood - Waggamba,58.42816226023829
2011,Miles - Wandoan,59.67940723633546
2011,Tara,58.73886036960967
2011,Crows Nest - Rosalie,87.77766106442559
2011,Kingaroy Region - North,68.50693877551002
2011,Jondaryan,64.8870253164555
2011,Millmerran,62.74739263803662
2011,Port Pirie Region,54.74788557213916
2011,Barossa - Angaston,82.43858024691346
2011,Light,80.40077519379832
2011,Mallala,83.46083333333321
2011,Gawler - North,82.39444444444432
2011,Clare,65.29583333333323
2011,Lewiston - Two Wells,82.46249999999988
2011,Nhill Region,
2011,Gilbert Valley,71.93615384615372
2011,Goyder,70.65005518763783
2011,Wakefield - Barunga West,71.204890453834
2011,Jamestown,55.02643678160906
2011,Peterborough - Mount Remarkable,45.73555846422326
2011,Kadina,77.52812499999987
2011,Moonta,80.42948717948705
2011,Wallaroo,75.861111111111
2011,Yorke Peninsula - North,73.6419014084506
2011,Yorke Peninsula - South,71.82948717948706
2011,Ceduna,42.006372549019495
2011,Eyre Peninsula,65.54340753424641
2011,Kimba - Cleve - Franklin Harbour,57.53578643578629
2011,Le Hunte - Elliston,63.197266514806245
2011,Port Lincoln,65.61499999999985
2011,West Coast (SA),50.768774131274014
2011,Quorn - Lake Gilles,54.12699275362304
2011,Kangaroo Island,76.1975915221579
2011,Millicent,
2011,Penola,
2011,Tatiara,106.00540201005015
2011,Wattle Range,
2011,Mildura Region,
2011,Barmera,66.52899999999985
2011,Karoonda - Lameroo,80.0851318944843
2011,Mannum,77.1128846153845
2011,Naracoorte Region,141.94924242424233
2011,Loxton Region,68.9170325203251
2011,The Coorong,93.77478323699411
2011,Renmark Region,57.057440476190365
2011,Murray Bridge Region,77.97592592592581
2011,Strathalbyn Region,86.03099999999988
2011,Waikerie,75.97167721518974
2012,Northampton - Mullewa - Greenough,13.203388456549769
2012,Geraldton,10.478030303030158
2012,Bridgetown - Boyup Brook,
2012,Gnowangerup,35.67097457627108
2012,Katanning,
2012,Kojonup,
2012,Plantagenet,
2012,Chittering,23.9112745098038
2012,Cunderdin,34.938650497512306
2012,Dowerin,27.231623427672826
2012,Gingin - Dandaragan,22.756306306306154
2012,Merredin,41.243603603603475
2012,Moora,24.592666666666513
2012,Mukinbudin,41.409402852049766
2012,Northam,28.542829457364192
2012,Toodyay,23.912499999999866
2012,York - Beverley,34.1736772486771
2012,Brookton,29.76646423751676
2012,Kulin,32.2236630036629
2012,Murray,21.769298245613918
2012,Narrogin,26.412499999999902
2012,Wagin,26.967264276228306
2012,Irwin,13.082007575757398
2012,Morawa,15.920649316508781
2012,Esperance Region,41.32097513088993
2012,Albany Region,
2012,Naracoorte Region,
2012,Alfredton,54.491666666666525
2012,Smythes Creek,59.22499999999987
2012,Wendouree - Miners Rest,
2012,Bacchus Marsh Region,54.01923076923059
2012,Creswick - Clunes,52.07803030303018
2012,Gordon (Vic.),55.63949275362302
2012,Avoca,70.2161691542287
2012,Beaufort,72.60155555555541
2012,Golden Plains - North,67.31466666666651
2012,Maryborough Region,58.89875621890533
2012,Loddon,62.531593038821796
2012,Golden Plains - South,65.67655367231622
2012,Winchelsea,69.09342105263141
2012,Euroa,146.33523206751033
2012,Nagambie,56.33910256410239
2012,Rutherglen,
2012,Nhill Region,74.37181372549001
2012,St Arnaud,75.47036290322566
2012,Stawell,95.28782894736828
2012,West Wimmera,107.5226914414413
2012,Yarriambiack,78.90719135802453
2012,Buloke,68.76578400830722
2012,Gannawarra,63.146059431524385
2012,Kerang,70.47499999999985
2012,Robinvale,
2012,Echuca,58.11309523809507
2012,Kyabram,58.01896551724122
2012,Lockington - Gunbower,59.69833333333316
2012,Rochester,60.14404761904744
2012,Rushworth,62.367543859648954
2012,Moira,228.06502976190458
2012,Numurkah,66.49146090534963
2012,Yarrawonga,261.50833333333316
2012,Glenelg (Vic.),139.05374149659846
2012,Corangamite - North,80.94258241758227
2012,Moyne - East,114.48682170542621
2012,Moyne - West,144.36197916666654
2012,Deniliquin Region,
2012,Benalla Region,290.3327485380116
2012,Wangaratta Region,
2012,Shepparton Region - West,88.22388888888871
2012,Swan Hill Region,64.47261904761888
2012,Mildura Region,55.78041561712831
2012,Horsham Region,117.85624999999985
2012,Castlemaine Region,54.29922480620141
2012,Ararat Region,103.2899425287355
2012,Southern Grampians,138.56613018597986
2012,Albury - East,
2012,Colac Region,70.10864779874198
2012,Bendigo Region - North,59.94392655367217
2012,Corowa Region,225.5423220973781
2012,Tocumwal - Finley - Jerilderie,99.17239057239038
2012,Scone Region,84.79460784313707
2012,Condobolin,54.683126721762925
2012,Inverell,88.54861111111093
2012,Inverell Region - East,65.95843224530151
2012,Forbes,73.67064393939377
2012,Inverell Region - West,58.28865363735052
2012,Grenfell,68.24353448275846
2012,Parkes (NSW),78.5635416666665
2012,Quirindi,83.0408536585364
2012,Parkes Region,75.16222741433003
2012,West Wyalong,73.65276930894292
2012,Leeton,114.98944444444427
2012,Narrandera,136.50740740740721
2012,Tumut Region,
2012,Mudgee Region - West,135.679882154882
2012,Cootamundra,
2012,Gundagai,
2012,Blayney,154.20833333333317
2012,Junee,
2012,Orange Region,174.74513201320116
2012,Cowra Region,141.71432584269644
2012,Temora,102.92443910256392
2012,Grafton Region,97.92222222222203
2012,Yass Region,
2012,Young Region,70.21388888888873
2012,Wagga Wagga Region,164.1606249999998
2012,Griffith Region,66.26362745098024
2012,Deniliquin Region,61.742054794520385
2012,Coonamble,57.11492080633533
2012,Nyngan - Warren,51.68356199186975
2012,Walgett - Lightning Ridge,61.475802139037256
2012,Coonabarabran,74.98630790190717
2012,Bathurst Region,156.98333333333312
2012,Gilgandra,53.46258169934624
2012,Dubbo Region,83.2598765432097
2012,Narromine,59.217758369723256
2012,Gunnedah Region,66.8281674208143
2012,Albury Region,
2012,Tamworth Region,75.95270700636925
2012,Wellington,148.45450121654483
2012,Narrabri Region,55.87518315018296
2012,Moree Region,51.65866168478242
2012,Hay,69.00602564102547
2012,Wentworth-Balranald Region,64.10239557739541
2012,Pittsworth,57.71801801801783
2012,Wambo,46.53539682539664
2012,Roma Region,45.977862731152015
2012,Charleville,39.587499999999814
2012,Clifton - Greenmount,54.18876811594183
2012,Southern Downs - East,74.18415300546431
2012,Southern Downs - West,49.72963917525755
2012,Cambooya - Wyreema,55.41018518518499
2012,Central Highlands - East,47.870559701492354
2012,Central Highlands - West,41.998085141354196
2012,Banana,48.89811537200899
2012,Biloela,55.76666666666646
2012,Monto - Eidsvold,48.98308395677455
2012,Lockyer Valley - East,79.25096153846135
2012,Broadsound - Nebo,48.22147239263785
2012,Clermont,41.93300083125503
2012,Balonne,60.041857592093265
2012,Chinchilla,45.94097222222204
2012,Goondiwindi,50.13259803921551
2012,Inglewood - Waggamba,52.32257646448919
2012,Miles - Wandoan,42.013548883756556
2012,Tara,48.00078713210112
2012,Crows Nest - Rosalie,63.8309523809522
2012,Kingaroy Region - North,46.21887755102023
2012,Jondaryan,57.50327004219392
2012,Millmerran,55.49979550102232
2012,Port Pirie Region,30.75062189054716
2012,Barossa - Angaston,52.0095679012344
2012,Light,43.79689922480602
2012,Mallala,38.51416666666652
2012,Gawler - North,43.522222222222105
2012,Clare,29.279166666666487
2012,Lewiston - Two Wells,41.72499999999985
2012,Nhill Region,
2012,Gilbert Valley,33.513076923076774
2012,Goyder,33.04696467991153
2012,Wakefield - Barunga West,32.10442097026588
2012,Jamestown,27.279166666666537
2012,Peterborough - Mount Remarkable,22.889659685863748
2012,Kadina,30.548437499999835
2012,Moonta,29.530128205128065
2012,Wallaroo,28.716666666666494
2012,Yorke Peninsula - North,35.85956572769938
2012,Yorke Peninsula - South,43.130402930402795
2012,Ceduna,19.031862745097886
2012,Eyre Peninsula,28.766923515981595
2012,Kimba - Cleve - Franklin Harbour,26.14821428571415
2012,Le Hunte - Elliston,26.304403948367394
2012,Port Lincoln,30.376666666666523
2012,West Coast (SA),25.329231016730898
2012,Quorn - Lake Gilles,26.062137681159268
2012,Kangaroo Island,47.77721579961451
2012,Millicent,
2012,Penola,
2012,Tatiara,51.31800670016737
2012,Wattle Range,
2012,Mildura Region,
2012,Barmera,57.23533333333318
2012,Karoonda - Lameroo,55.89872102318131
2012,Mannum,57.07673076923061
2012,Naracoorte Region,88.01136363636348
2012,Loxton Region,55.155894308942926
2012,The Coorong,57.78090077071277
2012,Renmark Region,54.28005952380936
2012,Murray Bridge Region,59.50390946502043
2012,Strathalbyn Region,57.31849999999986
2012,Waikerie,54.76366033755258
2013,Northampton - Mullewa - Greenough,14.179247730220318
2013,Geraldton,12.537878787878647
2013,Bridgetown - Boyup Brook,
2013,Gnowangerup,59.20981638418065
2013,Katanning,
2013,Kojonup,
2013,Plantagenet,
2013,Chittering,24.260294117646946
2013,Cunderdin,39.66504975124362
2013,Dowerin,20.101061320754585
2013,Gingin - Dandaragan,20.630450450450315
2013,Merredin,47.615360360360214
2013,Moora,18.547981481481333
2013,Mukinbudin,26.967168003564904
2013,Northam,37.654457364340935
2013,Toodyay,32.81864035087705
2013,York - Beverley,42.98234126984111
2013,Brookton,51.331106612685424
2013,Kulin,51.421282051281906
2013,Murray,39.053070175438464
2013,Narrogin,55.15648148148136
2013,Wagin,51.586985391766135
2013,Irwin,16.227083333333155
2013,Morawa,16.065943743427813
2013,Esperance Region,60.65928228621276
2013,Albany Region,
2013,Naracoorte Region,
2013,Alfredton,78.59166666666654
2013,Smythes Creek,79.77499999999986
2013,Wendouree - Miners Rest,
2013,Bacchus Marsh Region,83.28974358974345
2013,Creswick - Clunes,66.59797979797969
2013,Gordon (Vic.),79.70144927536217
2013,Avoca,61.141791044776
2013,Beaufort,70.72455555555544
2013,Golden Plains - North,84.47399999999989
2013,Maryborough Region,62.70659203980087
2013,Loddon,60.449263721552754
2013,Golden Plains - South,93.69872881355917
2013,Winchelsea,101.56381578947354
2013,Euroa,158.4337552742614
2013,Nagambie,67.51431623931606
2013,Rutherglen,
2013,Nhill Region,41.67579656862733
2013,St Arnaud,50.76256720430096
2013,Stawell,50.611293859649
2013,West Wimmera,53.22646396396385
2013,Yarriambiack,34.03009259259247
2013,Buloke,38.943535825545055
2013,Gannawarra,49.59941860465104
2013,Kerang,49.74666666666656
2013,Robinvale,
2013,Echuca,63.79523809523793
2013,Kyabram,66.75143678160902
2013,Lockington - Gunbower,66.16743589743575
2013,Rochester,67.9226190476189
2013,Rushworth,70.65935672514604
2013,Moira,215.65669642857125
2013,Numurkah,83.81944444444427
2013,Yarrawonga,229.11666666666648
2013,Glenelg (Vic.),67.48860544217673
2013,Corangamite - North,84.19899267399252
2013,Moyne - East,81.3192829457363
2013,Moyne - West,82.2294270833332
2013,Deniliquin Region,
2013,Benalla Region,272.77675438596475
2013,Wangaratta Region,
2013,Shepparton Region - West,104.94129629629612
2013,Swan Hill Region,35.77127496159743
2013,Mildura Region,31.024748110831116
2013,Horsham Region,44.77499999999988
2013,Castlemaine Region,70.11550387596886
2013,Ararat Region,63.26643678160908
2013,Southern Grampians,65.3028254649498
2013,Albury - East,
2013,Colac Region,99.53411949685524
2013,Bendigo Region - North,71.50028248587557
2013,Corowa Region,138.46947565543053
2013,Tocumwal - Finley - Jerilderie,96.31001683501668
2013,Scone Region,118.99705882352923
2013,Condobolin,35.89253443526157
2013,Inverell,133.22916666666652
2013,Inverell Region - East,106.97668150346176
2013,Forbes,66.65928030303016
2013,Inverell Region - West,92.79161237785
2013,Grenfell,64.19992816091938
2013,Parkes (NSW),66.17812499999981
2013,Quirindi,127.9476964769646
2013,Parkes Region,58.12328660436122
2013,West Wyalong,48.937423780487656
2013,Leeton,63.38888888888871
2013,Narrandera,77.49912280701737
2013,Tumut Region,
2013,Mudgee Region - West,130.51212121212106
2013,Cootamundra,
2013,Gundagai,
2013,Blayney,146.38717948717928
2013,Junee,
2013,Orange Region,145.8696369636962
2013,Cowra Region,142.35196629213465
2013,Temora,64.07612179487163
2013,Grafton Region,96.14444444444426
2013,Yass Region,
2013,Young Region,59.783333333333175
2013,Wagga Wagga Region,84.87437499999982
2013,Griffith Region,41.11260784313711
2013,Deniliquin Region,44.44699771689483
2013,Coonamble,49.00946724262044
2013,Nyngan - Warren,35.924390243902295
2013,Walgett - Lightning Ridge,37.35313428401648
2013,Coonabarabran,69.38460490463198
2013,Bathurst Region,162.51944444444428
2013,Gilgandra,60.815400326797246
2013,Dubbo Region,78.31970164609037
2013,Narromine,49.65403930130989
2013,Gunnedah Region,88.82288838612352
2013,Albury Region,
2013,Tamworth Region,133.1267515923565
2013,Wellington,127.32068126520663
2013,Narrabri Region,63.48534798534782
2013,Moree Region,56.5463881340578
2013,Hay,33.7435897435896
2013,Wentworth-Balranald Region,27.03877968877957
2013,Pittsworth,72.7749999999998
2013,Wambo,52.502976190476
2013,Roma Region,26.74187411095288
2013,Charleville,15.862499999999812
2013,Clifton - Greenmount,78.55452898550706
2013,Southern Downs - East,100.47117486338782
2013,Southern Downs - West,79.31314432989673
2013,Cambooya - Wyreema,70.03981481481463
2013,Central Highlands - East,33.77221393034808
2013,Central Highlands - West,20.878837935568534
2013,Banana,43.86684693543083
2013,Biloela,51.24999999999985
2013,Monto - Eidsvold,52.3092892768078
2013,Lockyer Valley - East,113.96346153846133
2013,Broadsound - Nebo,36.021506475800784
2013,Clermont,26.575602660016454
2013,Balonne,28.938533243485903
2013,Chinchilla,54.666261574073886
2013,Goondiwindi,47.83480392156846
2013,Inglewood - Waggamba,54.76127527216156
2013,Miles - Wandoan,42.34309083910683
2013,Tara,48.50385010266922
2013,Crows Nest - Rosalie,82.13886554621828
2013,Kingaroy Region - North,54.42493197278894
2013,Jondaryan,68.2360759493669
2013,Millmerran,67.64846625766853
2013,Port Pirie Region,3.6371890547262904
2013,Barossa - Angaston,14.273456790123326
2013,Light,15.222286821705325
2013,Mallala,13.864722222222115
2013,Gawler - North,13.280555555555438
2013,Clare,8.924999999999915
2013,Lewiston - Two Wells,12.452083333333254
2013,Nhill Region,
2013,Gilbert Valley,13.604999999999897
2013,Goyder,10.979746136865238
2013,Wakefield - Barunga West,9.89694835680741
2013,Jamestown,3.288002873563129
2013,Peterborough - Mount Remarkable,4.770767888307056
2013,Kadina,12.026041666666565
2013,Moonta,13.141666666666563
2013,Wallaroo,10.624999999999906
2013,Yorke Peninsula - North,19.26836854460084
2013,Yorke Peninsula - South,23.716391941391844
2013,Ceduna,13.11519607843123
2013,Eyre Peninsula,10.57728310502272
2013,Kimba - Cleve - Franklin Harbour,5.72545093795083
2013,Le Hunte - Elliston,7.481757782839668
2013,Port Lincoln,13.096666666666565
2013,West Coast (SA),13.26488095238082
2013,Quorn - Lake Gilles,5.488043478260774
2013,Kangaroo Island,27.470086705202196
2013,Millicent,
2013,Penola,
2013,Tatiara,44.30134003350073
2013,Wattle Range,
2013,Mildura Region,
2013,Barmera,18.950333333333223
2013,Karoonda - Lameroo,29.700899280575424
2013,Mannum,15.819423076922956
2013,Naracoorte Region,57.056060606060484
2013,Loxton Region,26.216829268292564
2013,The Coorong,33.44612235067426
2013,Renmark Region,24.152083333333216
2013,Murray Bridge Region,18.87952674897106
2013,Strathalbyn Region,17.721499999999878
2013,Waikerie,15.2065928270041
2014,Northampton - Mullewa - Greenough,7.8778047989622495
2014,Geraldton,7.521212121212011
2014,Bridgetown - Boyup Brook,
2014,Gnowangerup,17.44816384180781
2014,Katanning,
2014,Kojonup,
2014,Plantagenet,
2014,Chittering,15.929901960784226
2014,Cunderdin,26.799440298507317
2014,Dowerin,18.174488993710565
2014,Gingin - Dandaragan,18.12999999999989
2014,Merredin,29.96213963963949
2014,Moora,16.34853703703689
2014,Mukinbudin,28.304367201425865
2014,Northam,22.32538759689908
2014,Toodyay,17.979824561403376
2014,York - Beverley,24.478835978835825
2014,Brookton,24.756578947368286
2014,Kulin,23.764560439560313
2014,Murray,14.990789473684082
2014,Narrogin,16.162962962962837
2014,Wagin,15.278652058432813
2014,Irwin,12.622537878787732
2014,Morawa,11.497620925341606
2014,Esperance Region,31.19024869109936
2014,Albany Region,
2014,Naracoorte Region,
2014,Alfredton,70.44166666666656
2014,Smythes Creek,73.04999999999988
2014,Wendouree - Miners Rest,
2014,Bacchus Marsh Region,54.31185897435883
2014,Creswick - Clunes,68.18661616161603
2014,Gordon (Vic.),61.603985507246236
2014,Avoca,66.81815920397996
2014,Beaufort,75.29211111111098
2014,Golden Plains - North,75.4753333333332
2014,Maryborough Region,62.2349502487561
2014,Loddon,53.924966532797725
2014,Golden Plains - South,65.03446327683602
2014,Winchelsea,64.60372807017532
2014,Euroa,168.03069620253143
2014,Nagambie,46.480341880341726
2014,Rutherglen,
2014,Nhill Region,52.92435661764692
2014,St Arnaud,57.818615591397716
2014,Stawell,68.41249999999987
2014,West Wimmera,72.11503378378367
2014,Yarriambiack,54.595987654320844
2014,Buloke,55.200441329179505
2014,Gannawarra,52.95271317829444
2014,Kerang,44.41166666666655
2014,Robinvale,
2014,Echuca,43.09404761904745
2014,Kyabram,48.079885057471095
2014,Lockington - Gunbower,42.66717948717935
2014,Rochester,40.70714285714269
2014,Rushworth,41.63523391812852
2014,Moira,235.08928571428552
2014,Numurkah,73.98045267489697
2014,Yarrawonga,270.5555555555554
2014,Glenelg (Vic.),119.29880952380938
2014,Corangamite - North,87.43250915750902
2014,Moyne - East,107.37945736434094
2014,Moyne - West,133.7585937499999
2014,Deniliquin Region,
2014,Benalla Region,291.2826023391811
2014,Wangaratta Region,
2014,Shepparton Region - West,101.35499999999982
2014,Swan Hill Region,39.16947004608281
2014,Mildura Region,35.93033165407207
2014,Horsham Region,68.90379273504261
2014,Castlemaine Region,53.02344961240297
2014,Ararat Region,85.0085057471263
2014,Southern Grampians,104.43494277539331
2014,Albury - East,
2014,Colac Region,75.33616352201246
2014,Bendigo Region - North,45.121892655367084
2014,Corowa Region,144.82808988764026
2014,Tocumwal - Finley - Jerilderie,95.05029461279445
2014,Scone Region,96.50392156862728
2014,Condobolin,30.425661157024646
2014,Inverell,74.44999999999985
2014,Inverell Region - East,62.714193867457794
2014,Forbes,51.536884469696815
2014,Inverell Region - West,64.92882736156334
2014,Grenfell,57.431034482758456
2014,Parkes (NSW),53.43020833333316
2014,Quirindi,98.59498644986431
2014,Parkes Region,47.51191588785029
2014,West Wyalong,44.189430894308785
2014,Leeton,92.01777777777758
2014,Narrandera,98.33538011695889
2014,Tumut Region,
2014,Mudgee Region - West,111.42735690235673
2014,Cootamundra,
2014,Gundagai,
2014,Blayney,125.55576923076904
2014,Junee,
2014,Orange Region,116.39579207920777
2014,Cowra Region,123.77734082396984
2014,Temora,67.02636217948701
2014,Grafton Region,54.36249999999979
2014,Yass Region,
2014,Young Region,62.54351851851837
2014,Wagga Wagga Region,93.55666666666649
2014,Griffith Region,37.07019607843121
2014,Deniliquin Region,41.112465753424516
2014,Coonamble,51.38095752339795
2014,Nyngan - Warren,44.4219004065039
2014,Walgett - Lightning Ridge,42.43409090909073
2014,Coonabarabran,63.049023614895376
2014,Bathurst Region,137.03888888888866
2014,Gilgandra,52.027573529411576
2014,Dubbo Region,63.29151234567883
2014,Narromine,42.99239446870434
2014,Gunnedah Region,81.37232277526378
2014,Albury Region,
2014,Tamworth Region,100.0680997876856
2014,Wellington,108.22883211678815
2014,Narrabri Region,51.74021978021961
2014,Moree Region,46.514945652173736
2014,Hay,39.607499999999845
2014,Wentworth-Balranald Region,28.96908271908258
2014,Pittsworth,41.03400900900883
2014,Wambo,40.691706349206164
2014,Roma Region,33.42286036036018
2014,Charleville,19.849999999999824
2014,Clifton - Greenmount,42.41829710144909
2014,Southern Downs - East,50.06161202185774
2014,Southern Downs - West,41.40214776632284
2014,Cambooya - Wyreema,42.24074074074055
2014,Central Highlands - East,34.734701492537134
2014,Central Highlands - West,27.42505752794197
2014,Banana,35.92560635857078
2014,Biloela,40.849999999999795
2014,Monto - Eidsvold,41.50976724854512
2014,Lockyer Valley - East,59.046794871794674
2014,Broadsound - Nebo,44.65446489434201
2014,Clermont,41.33811305070639
2014,Balonne,45.22804357592075
2014,Chinchilla,38.60850694444426
2014,Goondiwindi,38.867401960784136
2014,Inglewood - Waggamba,42.97271902540159
2014,Miles - Wandoan,40.48787528868342
2014,Tara,46.04072553045842
2014,Crows Nest - Rosalie,46.38417366946761
2014,Kingaroy Region - North,47.87329931972771
2014,Jondaryan,40.79282700421923
2014,Millmerran,44.3814928425356
2014,Port Pirie Region,19.798383084577
2014,Barossa - Angaston,37.12098765432088
2014,Light,34.22790697674408
2014,Mallala,32.28611111111101
2014,Gawler - North,33.790277777777675
2014,Clare,28.891666666666577
2014,Lewiston - Two Wells,33.69999999999992
2014,Nhill Region,
2014,Gilbert Valley,31.701666666666558
2014,Goyder,30.860706401765892
2014,Wakefield - Barunga West,27.3324726134584
2014,Jamestown,21.557399425287244
2014,Peterborough - Mount Remarkable,18.975305410122058
2014,Kadina,27.194270833333213
2014,Moonta,28.4096153846153
2014,Wallaroo,25.51666666666654
2014,Yorke Peninsula - North,34.23579812206562
2014,Yorke Peninsula - South,46.00439560439551
2014,Ceduna,29.987745098039102
2014,Eyre Peninsula,37.71740867579899
2014,Kimba - Cleve - Franklin Harbour,27.72925685425674
2014,Le Hunte - Elliston,29.402069096431187
2014,Port Lincoln,42.264999999999915
2014,West Coast (SA),27.195302445302335
2014,Quorn - Lake Gilles,23.495833333333202
2014,Kangaroo Island,62.72947976878603
2014,Millicent,
2014,Penola,
2014,Tatiara,54.92068676716905
2014,Wattle Range,
2014,Mildura Region,
2014,Barmera,34.82699999999989
2014,Karoonda - Lameroo,44.68149480415657
2014,Mannum,40.72814102564092
2014,Naracoorte Region,70.49469696969683
2014,Loxton Region,39.19605691056899
2014,The Coorong,47.73800578034671
2014,Renmark Region,34.37440476190466
2014,Murray Bridge Region,38.91687242798342
2014,Strathalbyn Region,49.25883333333323
2014,Waikerie,38.89108649789017
2015,Northampton - Mullewa - Greenough,25.071271076523843
2015,Geraldton,21.13333333333318
2015,Bridgetown - Boyup Brook,
2015,Gnowangerup,18.328283898304985
2015,Katanning,
2015,Kojonup,
2015,Plantagenet,
2015,Chittering,29.317647058823407
2015,Cunderdin,37.21287313432819
2015,Dowerin,32.22718160377345
2015,Gingin - Dandaragan,25.316216216216084
2015,Merredin,39.656779279279135
2015,Moora,27.56146296296284
2015,Mukinbudin,40.546078431372386
2015,Northam,38.69670542635643
2015,Toodyay,35.8677631578946
2015,York - Beverley,33.93511904761889
2015,Brookton,31.957962213225237
2015,Kulin,29.925421245421106
2015,Murray,25.336842105263035
2015,Narrogin,20.755555555555418
2015,Wagin,20.55262284196535
2015,Irwin,25.71174242424229
2015,Morawa,27.126353838065064
2015,Esperance Region,17.278534031413475
2015,Albany Region,
2015,Naracoorte Region,
2015,Alfredton,60.216666666666505
2015,Smythes Creek,62.991666666666525
2015,Wendouree - Miners Rest,
2015,Bacchus Marsh Region,51.59262820512807
2015,Creswick - Clunes,51.48232323232313
2015,Gordon (Vic.),52.403623188405646
2015,Avoca,56.89004975124365
2015,Beaufort,64.99577777777763
2015,Golden Plains - North,66.99433333333317
2015,Maryborough Region,49.91915422885561
2015,Loddon,51.30354752342691
2015,Golden Plains - South,61.01751412429364
2015,Winchelsea,61.58728070175425
2015,Euroa,175.24229957805892
2015,Nagambie,53.89230769230752
2015,Rutherglen,
2015,Nhill Region,49.81945465686261
2015,St Arnaud,52.139180107526755
2015,Stawell,56.30635964912268
2015,West Wimmera,62.486036036035905
2015,Yarriambiack,46.40385802469122
2015,Buloke,49.31765316718575
2015,Gannawarra,53.11750645994819
2015,Kerang,51.64499999999991
2015,Robinvale,
2015,Echuca,50.5559523809522
2015,Kyabram,53.45919540229869
2015,Lockington - Gunbower,54.78923076923062
2015,Rochester,52.28928571428555
2015,Rushworth,55.191520467836085
2015,Moira,189.37946428571408
2015,Numurkah,74.24228395061711
2015,Yarrawonga,183.1749999999998
2015,Glenelg (Vic.),81.33571428571413
2015,Corangamite - North,70.6527472527471
2015,Moyne - East,72.43575581395335
2015,Moyne - West,83.13359374999986
2015,Deniliquin Region,
2015,Benalla Region,257.33406432748524
2015,Wangaratta Region,
2015,Shepparton Region - West,101.52018518518503
2015,Swan Hill Region,45.132373271889286
2015,Mildura Region,38.273026868177894
2015,Horsham Region,55.6830128205127
2015,Castlemaine Region,41.07713178294563
2015,Ararat Region,66.37270114942513
2015,Southern Grampians,75.10661659513578
2015,Albury - East,
2015,Colac Region,69.16493710691809
2015,Bendigo Region - North,45.88036723163828
2015,Corowa Region,102.5748127340822
2015,Tocumwal - Finley - Jerilderie,64.60180976430958
2015,Scone Region,76.24411764705866
2015,Condobolin,21.577079889807045
2015,Inverell,78.11805555555534
2015,Inverell Region - East,67.26043521266055
2015,Forbes,36.44142992424226
2015,Inverell Region - West,61.90529315960894
2015,Grenfell,32.61458333333317
2015,Parkes (NSW),42.562499999999815
2015,Quirindi,84.26056910569088
2015,Parkes Region,39.45833333333316
2015,West Wyalong,33.77718495934944
2015,Leeton,45.83388888888871
2015,Narrandera,54.71817738791407
2015,Tumut Region,
2015,Mudgee Region - West,81.68644781144765
2015,Cootamundra,
2015,Gundagai,
2015,Blayney,61.09935897435879
2015,Junee,
2015,Orange Region,87.75033003300311
2015,Cowra Region,70.46151685393241
2015,Temora,41.41458333333316
2015,Grafton Region,60.10277777777758
2015,Yass Region,
2015,Young Region,25.570370370370206
2015,Wagga Wagga Region,54.20937499999982
2015,Griffith Region,25.289254901960643
2015,Deniliquin Region,37.94719178082178
2015,Coonamble,27.184017278617542
2015,Nyngan - Warren,24.264888211381965
2015,Walgett - Lightning Ridge,35.96464646464629
2015,Coonabarabran,41.217597638510256
2015,Bathurst Region,80.3861111111109
2015,Gilgandra,32.86597222222205
2015,Dubbo Region,48.654835390946324
2015,Narromine,34.28136826783097
2015,Gunnedah Region,61.31945701357447
2015,Albury Region,
2015,Tamworth Region,77.49872611464951
2015,Wellington,75.08436739659348
2015,Narrabri Region,45.63930402930385
2015,Moree Region,52.655015851449086
2015,Hay,29.148461538461394
2015,Wentworth-Balranald Region,35.71062653562643
2015,Pittsworth,58.73963963963946
2015,Wambo,50.43218253968236
2015,Roma Region,37.08380156472244
2015,Charleville,28.949999999999857
2015,Clifton - Greenmount,60.396739130434604
2015,Southern Downs - East,70.13743169398889
2015,Southern Downs - West,66.53178694158056
2015,Cambooya - Wyreema,63.5379629629628
2015,Central Highlands - East,40.998047263681414
2015,Central Highlands - West,30.374663050624417
2015,Banana,49.55039331366746
2015,Biloela,64.96666666666651
2015,Monto - Eidsvold,60.554509559434564
2015,Lockyer Valley - East,82.85384615384598
2015,Broadsound - Nebo,46.449130879345425
2015,Clermont,37.40854114713199
2015,Balonne,42.71579065588481
2015,Chinchilla,48.97042824074056
2015,Goondiwindi,55.05980392156845
2015,Inglewood - Waggamba,55.19289787454621
2015,Miles - Wandoan,40.794803695149945
2015,Tara,46.76981519507169
2015,Crows Nest - Rosalie,64.3247899159662
2015,Kingaroy Region - North,54.86125850340118
2015,Jondaryan,58.62099156118126
2015,Millmerran,56.432873210633765
2015,Port Pirie Region,33.75422885572131
2015,Barossa - Angaston,37.76574074074061
2015,Light,36.35755813953476
2015,Mallala,34.457499999999875
2015,Gawler - North,32.22361111111098
2015,Clare,35.77499999999992
2015,Lewiston - Two Wells,32.608333333333206
2015,Nhill Region,
2015,Gilbert Valley,37.58705128205117
2015,Goyder,37.27284768211909
2015,Wakefield - Barunga West,36.18012519561804
2015,Jamestown,27.878232758620605
2015,Peterborough - Mount Remarkable,23.259031413612473
2015,Kadina,38.833854166666555
2015,Moonta,38.29743589743579
2015,Wallaroo,38.236111111111036
2015,Yorke Peninsula - North,42.13210093896702
2015,Yorke Peninsula - South,48.97115384615375
2015,Ceduna,30.81764705882344
2015,Eyre Peninsula,53.46332762557064
2015,Kimba - Cleve - Franklin Harbour,45.14067460317449
2015,Le Hunte - Elliston,40.393659832953595
2015,Port Lincoln,57.153333333333194
2015,West Coast (SA),32.63365508365497
2015,Quorn - Lake Gilles,42.073188405796984
2015,Kangaroo Island,40.53020231213861
2015,Millicent,
2015,Penola,
2015,Tatiara,55.19451423785583
2015,Wattle Range,
2015,Mildura Region,
2015,Barmera,44.25199999999988
2015,Karoonda - Lameroo,44.942945643485096
2015,Mannum,44.39641025641014
2015,Naracoorte Region,62.80833333333319
2015,Loxton Region,39.673252032520196
2015,The Coorong,42.532345857418
2015,Renmark Region,40.97708333333322
2015,Murray Bridge Region,42.318106995884655
2015,Strathalbyn Region,40.31366666666654
2015,Waikerie,46.96249999999988
2016,Northampton - Mullewa - Greenough,11.301669909208659
2016,Geraldton,9.307575757575579
2016,Bridgetown - Boyup Brook,
2016,Gnowangerup,10.501306497175
2016,Katanning,
2016,Kojonup,
2016,Plantagenet,
2016,Chittering,22.86568627450971
2016,Cunderdin,33.84244402985059
2016,Dowerin,21.58183962264137
2016,Gingin - Dandaragan,16.869999999999866
2016,Merredin,28.94578828828814
2016,Moora,18.980111111110954
2016,Mukinbudin,31.247716131907158
2016,Northam,34.058139534883566
2016,Toodyay,27.07916666666652
2016,York - Beverley,36.96210317460302
2016,Brookton,26.9602901484479
2016,Kulin,14.00966117216102
2016,Murray,29.411842105263
2016,Narrogin,19.219907407407284
2016,Wagin,18.447875166002518
2016,Irwin,10.922159090908941
2016,Morawa,11.694610935856833
2016,Esperance Region,21.955006544502446
2016,Albany Region,
2016,Naracoorte Region,
2016,Alfredton,66.29999999999984
2016,Smythes Creek,67.59999999999984
2016,Wendouree - Miners Rest,
2016,Bacchus Marsh Region,63.63141025641008
2016,Creswick - Clunes,71.24848484848467
2016,Gordon (Vic.),67.88514492753607
2016,Avoca,75.25696517412916
2016,Beaufort,68.33166666666648
2016,Golden Plains - North,69.76833333333317
2016,Maryborough Region,77.42972636815904
2016,Loddon,69.22560240963838
2016,Golden Plains - South,70.37923728813543
2016,Winchelsea,71.52302631578931
2016,Euroa,111.09831223628672
2016,Nagambie,42.284401709401514
2016,Rutherglen,
2016,Nhill Region,65.02585784313709
2016,St Arnaud,85.39133064516115
2016,Stawell,79.62335526315773
2016,West Wimmera,80.09059684684667
2016,Yarriambiack,74.22626543209857
2016,Buloke,74.77544132917949
2016,Gannawarra,54.44987080103344
2016,Kerang,50.11999999999987
2016,Robinvale,
2016,Echuca,46.663095238095046
2016,Kyabram,41.35689655172396
2016,Lockington - Gunbower,55.1221794871793
2016,Rochester,52.563095238095045
2016,Rushworth,59.72222222222204
2016,Moira,197.68229166666652
2016,Numurkah,49.2740740740739
2016,Yarrawonga,250.71666666666647
2016,Glenelg (Vic.),83.56853741496582
2016,Corangamite - North,71.24743589743574
2016,Moyne - East,72.35135658914712
2016,Moyne - West,78.31953124999981
2016,Deniliquin Region,
2016,Benalla Region,243.79488304093553
2016,Wangaratta Region,
2016,Shepparton Region - West,65.80416666666649
2016,Swan Hill Region,61.31778033794146
2016,Mildura Region,49.6391057934507
2016,Horsham Region,81.64198717948703
2016,Castlemaine Region,74.86240310077503
2016,Ararat Region,73.3766666666665
2016,Southern Grampians,80.23469241773944
2016,Albury - East,
2016,Colac Region,76.36100628930802
2016,Bendigo Region - North,70.32259887005634
2016,Corowa Region,171.7293071161047
2016,Tocumwal - Finley - Jerilderie,94.44389730639713
2016,Scone Region,97.01470588235279
2016,Condobolin,49.01611570247917
2016,Inverell,64.40277777777762
2016,Inverell Region - East,60.95296735905028
2016,Forbes,59.19711174242406
2016,Inverell Region - West,53.51482084690536
2016,Grenfell,53.52808908045958
2016,Parkes (NSW),69.20416666666648
2016,Quirindi,88.78909214092124
2016,Parkes Region,65.05735981308393
2016,West Wyalong,46.82210365853641
2016,Leeton,66.85555555555537
2016,Narrandera,85.37529239766063
2016,Tumut Region,
2016,Mudgee Region - West,148.88308080808065
2016,Cootamundra,
2016,Gundagai,
2016,Blayney,127.05769230769212
2016,Junee,
2016,Orange Region,147.52367986798663
2016,Cowra Region,112.21095505617959
2016,Temora,58.48044871794853
2016,Grafton Region,69.94722222222204
2016,Yass Region,
2016,Young Region,55.014814814814635
2016,Wagga Wagga Region,89.57333333333315
2016,Griffith Region,46.547450980391986
2016,Deniliquin Region,51.161175799086585
2016,Coonamble,55.7222462203022
2016,Nyngan - Warren,47.66412601625999
2016,Walgett - Lightning Ridge,52.459670231728886
2016,Coonabarabran,65.23117620345123
2016,Bathurst Region,162.64722222222198
2016,Gilgandra,62.449264705882165
2016,Dubbo Region,81.03106995884755
2016,Narromine,61.765793304221084
2016,Gunnedah Region,74.80942684766197
2016,Albury Region,
2016,Tamworth Region,76.79225053078538
2016,Wellington,134.5057785888076
2016,Narrabri Region,52.736263736263574
2016,Moree Region,46.646286231883884
2016,Hay,47.62365384615367
2016,Wentworth-Balranald Region,47.13206388206371
2016,Pittsworth,53.34842342342323
2016,Wambo,44.6388888888887
2016,Roma Region,47.83343409198655
2016,Charleville,53.96458333333317
2016,Clifton - Greenmount,52.60960144927518
2016,Southern Downs - East,67.27568306010913
2016,Southern Downs - West,52.27594501718195
2016,Cambooya - Wyreema,56.64444444444428
2016,Central Highlands - East,55.577151741293356
2016,Central Highlands - West,53.78745890861258
2016,Banana,52.87377908882315
2016,Biloela,54.74999999999985
2016,Monto - Eidsvold,59.72485453034063
2016,Lockyer Valley - East,62.14102564102547
2016,Broadsound - Nebo,69.22090149965898
2016,Clermont,56.41951371571056
2016,Balonne,57.08546720575004
2016,Chinchilla,49.16675347222204
2016,Goondiwindi,43.58137254901943
2016,Inglewood - Waggamba,45.09604717470173
2016,Miles - Wandoan,49.195053887605674
2016,Tara,46.30130047912371
2016,Crows Nest - Rosalie,51.454411764705696
2016,Kingaroy Region - North,46.469183673469196
2016,Jondaryan,52.85443037974665
2016,Millmerran,44.084100204498796
2016,Port Pirie Region,39.93308457711427
2016,Barossa - Angaston,39.47993827160475
2016,Light,35.931976744185874
2016,Mallala,39.539722222222046
2016,Gawler - North,36.890277777777605
2016,Clare,31.620833333333145
2016,Lewiston - Two Wells,37.77499999999982
2016,Nhill Region,
2016,Gilbert Valley,32.41999999999983
2016,Goyder,35.35822295805722
2016,Wakefield - Barunga West,43.76893583724552
2016,Jamestown,38.980818965517074
2016,Peterborough - Mount Remarkable,38.01413612565428
2016,Kadina,52.05156249999984
2016,Moonta,52.25705128205111
2016,Wallaroo,49.91666666666648
2016,Yorke Peninsula - North,46.42235915492941
2016,Yorke Peninsula - South,42.44349816849802
2016,Ceduna,38.645098039215526
2016,Eyre Peninsula,39.785730593607134
2016,Kimba - Cleve - Franklin Harbour,36.78665223665206
2016,Le Hunte - Elliston,39.3445330296126
2016,Port Lincoln,41.561666666666476
2016,West Coast (SA),42.287757400257235
2016,Quorn - Lake Gilles,35.51902173913025
2016,Kangaroo Island,44.7534682080923
2016,Millicent,
2016,Penola,
2016,Tatiara,50.232328308207535
2016,Wattle Range,
2016,Mildura Region,
2016,Barmera,30.161999999999818
2016,Karoonda - Lameroo,39.07002398081517
2016,Mannum,39.604935897435716
2016,Naracoorte Region,70.71893939393924
2016,Loxton Region,34.34723577235754
2016,The Coorong,44.25012042389192
2016,Renmark Region,30.625595238095077
2016,Murray Bridge Region,36.12047325102863
2016,Strathalbyn Region,41.11316666666647
2016,Waikerie,38.868618143459734
2017,Northampton - Mullewa - Greenough,14.907166018158108
2017,Geraldton,12.84469696969685
2017,Bridgetown - Boyup Brook,
2017,Gnowangerup,42.249329096045095
2017,Katanning,
2017,Kojonup,
2017,Plantagenet,
2017,Chittering,23.715686274509693
2017,Cunderdin,30.03675373134314
2017,Dowerin,23.712893081760903
2017,Gingin - Dandaragan,20.786666666666562
2017,Merredin,33.73680180180168
2017,Moora,22.066685185185072
2017,Mukinbudin,31.95372103386794
2017,Northam,33.59166666666656
2017,Toodyay,30.36271929824552
2017,York - Beverley,35.905952380952264
2017,Brookton,31.762381916329193
2017,Kulin,37.08826007325997
2017,Murray,33.89517543859641
2017,Narrogin,30.574999999999914
2017,Wagin,31.99176626826021
2017,Irwin,11.788825757575632
2017,Morawa,12.40611198738159
2017,Esperance Region,45.00391579406621
2017,Albany Region,
2017,Naracoorte Region,
2017,Alfredton,73.49999999999982
2017,Smythes Creek,73.90833333333319
2017,Wendouree - Miners Rest,
2017,Bacchus Marsh Region,68.28717948717932
2017,Creswick - Clunes,71.86565656565642
2017,Gordon (Vic.),63.61775362318824
2017,Avoca,82.06902985074613
2017,Beaufort,85.61933333333319
2017,Golden Plains - North,73.2783333333332
2017,Maryborough Region,75.3017412935322
2017,Loddon,70.59735609103065
2017,Golden Plains - South,62.1088983050846
2017,Winchelsea,68.03640350877178
2017,Euroa,159.17130801687748
2017,Nagambie,68.26089743589725
2017,Rutherglen,
2017,Nhill Region,73.53844975490185
2017,St Arnaud,78.77620967741922
2017,Stawell,85.43267543859633
2017,West Wimmera,91.99864864864853
2017,Yarriambiack,79.56456790123447
2017,Buloke,77.55345275181713
2017,Gannawarra,64.90956072351409
2017,Kerang,64.0333333333332
2017,Robinvale,
2017,Echuca,68.64999999999982
2017,Kyabram,74.97499999999982
2017,Lockington - Gunbower,67.75974358974342
2017,Rochester,73.7898809523808
2017,Rushworth,82.08771929824546
2017,Moira,239.19747023809506
2017,Numurkah,81.52962962962944
2017,Yarrawonga,270.1861111111109
2017,Glenelg (Vic.),98.17517006802706
2017,Corangamite - North,83.0332417582416
2017,Moyne - East,100.15765503875953
2017,Moyne - West,105.04453124999985
2017,Deniliquin Region,
2017,Benalla Region,273.04941520467816
2017,Wangaratta Region,
2017,Shepparton Region - West,114.81805555555538
2017,Swan Hill Region,61.10119047619037
2017,Mildura Region,48.713266162888225
2017,Horsham Region,78.96965811965799
2017,Castlemaine Region,74.71841085271303
2017,Ararat Region,95.69586206896535
2017,Southern Grampians,97.51852646638038
2017,Albury - East,
2017,Colac Region,70.60990566037722
2017,Bendigo Region - North,76.31313559322021
2017,Corowa Region,153.7549625468163
2017,Tocumwal - Finley - Jerilderie,101.56355218855202
2017,Scone Region,99.2294117647057
2017,Condobolin,35.19297520661144
2017,Inverell,95.96666666666651
2017,Inverell Region - East,81.86797725024711
2017,Forbes,80.74441287878773
2017,Inverell Region - West,70.90621606948953
2017,Grenfell,84.55380747126422
2017,Parkes (NSW),94.65312499999985
2017,Quirindi,97.34891598915972
2017,Parkes Region,76.52570093457929
2017,West Wyalong,55.294334349593335
2017,Leeton,77.03722222222204
2017,Narrandera,91.41500974658851
2017,Tumut Region,
2017,Mudgee Region - West,170.0758417508416
2017,Cootamundra,
2017,Gundagai,
2017,Blayney,121.45705128205114
2017,Junee,
2017,Orange Region,182.2324257425741
2017,Cowra Region,144.796629213483
2017,Temora,74.89927884615369
2017,Grafton Region,98.29305555555538
2017,Yass Region,
2017,Young Region,89.22777777777759
2017,Wagga Wagga Region,90.60770833333314
2017,Griffith Region,47.76158823529397
2017,Deniliquin Region,62.463207762556934
2017,Coonamble,44.46081713462909
2017,Nyngan - Warren,33.107621951219386
2017,Walgett - Lightning Ridge,51.50490196078416
2017,Coonabarabran,81.10108991825597
2017,Bathurst Region,161.2999999999998
2017,Gilgandra,55.63558006535935
2017,Dubbo Region,89.15087448559656
2017,Narromine,51.564228529839724
2017,Gunnedah Region,71.72247360482639
2017,Albury Region,
2017,Tamworth Region,93.77292993630556
2017,Wellington,161.3210462287103
2017,Narrabri Region,60.17274725274709
2017,Moree Region,51.719214221014326
2017,Hay,58.29820512820498
2017,Wentworth-Balranald Region,44.3112203112202
2017,Pittsworth,67.2416666666665
2017,Wambo,48.68634920634902
2017,Roma Region,34.577507112375365
2017,Charleville,32.01458333333316
2017,Clifton - Greenmount,71.54456521739112
2017,Southern Downs - East,83.74631147540964
2017,Southern Downs - West,70.92371134020601
2017,Cambooya - Wyreema,69.83888888888876
2017,Central Highlands - East,34.20024875621873
2017,Central Highlands - West,26.602983234713825
2017,Banana,44.61708456243837
2017,Biloela,56.174999999999805
2017,Monto - Eidsvold,55.5476101413132
2017,Lockyer Valley - East,85.15576923076904
2017,Broadsound - Nebo,33.962747102930976
2017,Clermont,29.233624272651525
2017,Balonne,46.022562893081606
2017,Chinchilla,48.003009259259095
2017,Goondiwindi,50.6181372549018
2017,Inglewood - Waggamba,53.66408761016054
2017,Miles - Wandoan,49.51849499615072
2017,Tara,42.61259411362064
2017,Crows Nest - Rosalie,65.58585434173652
2017,Kingaroy Region - North,51.73380952380934
2017,Jondaryan,62.23491561181419
2017,Millmerran,63.866411042944605
2017,Port Pirie Region,19.73358208955213
2017,Barossa - Angaston,36.37777777777769
2017,Light,33.42655038759681
2017,Mallala,29.6538888888888
2017,Gawler - North,32.177777777777685
2017,Clare,24.587499999999885
2017,Lewiston - Two Wells,31.40833333333324
2017,Nhill Region,
2017,Gilbert Valley,29.27717948717938
2017,Goyder,28.81434878587186
2017,Wakefield - Barunga West,25.09718309859144
2017,Jamestown,18.17377873563207
2017,Peterborough - Mount Remarkable,15.98481675392658
2017,Kadina,25.332812499999903
2017,Moonta,25.623717948717854
2017,Wallaroo,24.827777777777698
2017,Yorke Peninsula - North,29.045539906103176
2017,Yorke Peninsula - South,37.00494505494496
2017,Ceduna,30.163725490195937
2017,Eyre Peninsula,24.619977168949656
2017,Kimba - Cleve - Franklin Harbour,21.288005050504935
2017,Le Hunte - Elliston,22.578397873955844
2017,Port Lincoln,27.593333333333227
2017,West Coast (SA),29.513143500643384
2017,Quorn - Lake Gilles,20.03242753623176
2017,Kangaroo Island,46.338439306358296
2017,Millicent,
2017,Penola,
2017,Tatiara,78.50485762144042
2017,Wattle Range,
2017,Mildura Region,
2017,Barmera,35.430333333333216
2017,Karoonda - Lameroo,50.195703437250096
2017,Mannum,37.05891025641016
2017,Naracoorte Region,98.68181818181803
2017,Loxton Region,39.49703252032509
2017,The Coorong,57.510789980732085
2017,Renmark Region,34.59999999999991
2017,Murray Bridge Region,30.369135802469042
2017,Strathalbyn Region,34.22633333333323
2017,Waikerie,38.24794303797457
2018,Northampton - Mullewa - Greenough,14.07576199740581
2018,Geraldton,11.811363636363488
2018,Bridgetown - Boyup Brook,
2018,Gnowangerup,21.922175141242846
2018,Katanning,
2018,Kojonup,
2018,Plantagenet,
2018,Chittering,23.271568627450847
2018,Cunderdin,30.97708333333319
2018,Dowerin,21.064327830188557
2018,Gingin - Dandaragan,15.067297297297179
2018,Merredin,30.7284234234233
2018,Moora,16.688574074073934
2018,Mukinbudin,26.43418003565048
2018,Northam,29.159496124030888
2018,Toodyay,26.78070175438587
2018,York - Beverley,28.12414021164009
2018,Brookton,23.879689608636887
2018,Kulin,25.581126373626283
2018,Murray,11.346052631578862
2018,Narrogin,16.52546296296289
2018,Wagin,15.055112881806014
2018,Irwin,14.636742424242282
2018,Morawa,15.01759989484739
2018,Esperance Region,43.79061954624771
2018,Albany Region,
2018,Naracoorte Region,
2018,Alfredton,69.03333333333319
2018,Smythes Creek,69.74166666666656
2018,Wendouree - Miners Rest,
2018,Bacchus Marsh Region,67.49743589743574
2018,Creswick - Clunes,67.27752525252514
2018,Gordon (Vic.),70.75072463768102
2018,Avoca,73.54875621890535
2018,Beaufort,67.73888888888877
2018,Golden Plains - North,73.67066666666655
2018,Maryborough Region,72.20907960198996
2018,Loddon,79.79661981258357
2018,Golden Plains - South,78.13432203389816
2018,Winchelsea,82.37302631578935
2018,Euroa,241.59504219409266
2018,Nagambie,68.54829059829044
2018,Rutherglen,
2018,Nhill Region,79.63455882352932
2018,St Arnaud,87.58393817204292
2018,Stawell,83.614144736842
2018,West Wimmera,87.91858108108099
2018,Yarriambiack,77.39543209876531
2018,Buloke,82.75293354101755
2018,Gannawarra,82.71375968992238
2018,Kerang,79.12833333333325
2018,Robinvale,
2018,Echuca,68.99880952380937
2018,Kyabram,69.88419540229869
2018,Lockington - Gunbower,70.48294871794857
2018,Rochester,62.458928571428416
2018,Rushworth,56.675877192982306
2018,Moira,300.1921130952379
2018,Numurkah,114.44567901234552
2018,Yarrawonga,318.52499999999986
2018,Glenelg (Vic.),87.97414965986383
2018,Corangamite - North,78.4043956043955
2018,Moyne - East,84.72374031007742
2018,Moyne - West,90.43567708333322
2018,Deniliquin Region,
2018,Benalla Region,355.3707602339179
2018,Wangaratta Region,
2018,Shepparton Region - West,141.32185185185168
2018,Swan Hill Region,58.16013824884782
2018,Mildura Region,43.57212426532316
2018,Horsham Region,100.29503205128196
2018,Castlemaine Region,63.796511627906874
2018,Ararat Region,75.62844827586196
2018,Southern Grampians,90.12478540772521
2018,Albury - East,
2018,Colac Region,83.2278301886791
2018,Bendigo Region - North,63.51666666666655
2018,Corowa Region,215.51198501872642
2018,Tocumwal - Finley - Jerilderie,144.72870370370356
2018,Scone Region,77.96519607843118
2018,Condobolin,27.478181818181678
2018,Inverell,57.288888888888714
2018,Inverell Region - East,52.64179030662693
2018,Forbes,47.620407196969566
2018,Inverell Region - West,42.38648208469038
2018,Grenfell,56.8547413793102
2018,Parkes (NSW),51.412499999999845
2018,Quirindi,86.20047425474236
2018,Parkes Region,42.63531931464159
2018,West Wyalong,53.1858739837397
2018,Leeton,80.46166666666652
2018,Narrandera,111.08693957114994
2018,Tumut Region,
2018,Mudgee Region - West,76.61153198653182
2018,Cootamundra,
2018,Gundagai,
2018,Blayney,115.40128205128187
2018,Junee,
2018,Orange Region,102.39711221122096
2018,Cowra Region,100.7486891385766
2018,Temora,76.07275641025625
2018,Grafton Region,41.75833333333316
2018,Yass Region,
2018,Young Region,65.14074074074057
2018,Wagga Wagga Region,113.88562499999982
2018,Griffith Region,61.86135294117632
2018,Deniliquin Region,70.38286529680352
2018,Coonamble,33.28333333333317
2018,Nyngan - Warren,29.236864837398226
2018,Walgett - Lightning Ridge,39.45708556149715
2018,Coonabarabran,40.357039055404
2018,Bathurst Region,106.28888888888874
2018,Gilgandra,26.110457516339697
2018,Dubbo Region,40.99300411522617
2018,Narromine,28.66957787481789
2018,Gunnedah Region,53.43721719456996
2018,Albury Region,
2018,Tamworth Region,56.53062632696371
2018,Wellington,75.34403892944022
2018,Narrabri Region,37.950128205128024
2018,Moree Region,46.65156249999983
2018,Hay,62.08275641025629
2018,Wentworth-Balranald Region,38.863206388206294
2018,Pittsworth,57.244369369369196
2018,Wambo,45.49015873015854
2018,Roma Region,29.856667852062426
2018,Charleville,18.98541666666647
2018,Clifton - Greenmount,57.705253623188234
2018,Southern Downs - East,72.7542349726774
2018,Southern Downs - West,59.14862542955309
2018,Cambooya - Wyreema,57.69999999999982
2018,Central Highlands - East,25.198718905472468
2018,Central Highlands - West,18.438239644970242
2018,Banana,31.270894788593736
2018,Biloela,31.64999999999979
2018,Monto - Eidsvold,32.32100997506216
2018,Lockyer Valley - East,71.91891025641009
2018,Broadsound - Nebo,28.699028629856667
2018,Clermont,20.373420615128666
2018,Balonne,39.092913297394254
2018,Chinchilla,36.133651620370195
2018,Goondiwindi,52.1012254901959
2018,Inglewood - Waggamba,50.544595645411945
2018,Miles - Wandoan,39.68185142417226
2018,Tara,40.119575633127816
2018,Crows Nest - Rosalie,54.273669467786924
2018,Kingaroy Region - North,37.27670068027193
2018,Jondaryan,47.374261603375345
2018,Millmerran,55.68190184049062
2018,Port Pirie Region,11.483457711442666
2018,Barossa - Angaston,27.659567901234407
2018,Light,25.17131782945725
2018,Mallala,23.11472222222211
2018,Gawler - North,23.444444444444333
2018,Clare,19.82083333333325
2018,Lewiston - Two Wells,22.687499999999897
2018,Nhill Region,
2018,Gilbert Valley,23.107435897435803
2018,Goyder,23.1442604856511
2018,Wakefield - Barunga West,20.062949921752615
2018,Jamestown,12.464152298850458
2018,Peterborough - Mount Remarkable,10.460907504362888
2018,Kadina,18.760416666666544
2018,Moonta,17.94294871794859
2018,Wallaroo,16.024999999999874
2018,Yorke Peninsula - North,19.302112676056225
2018,Yorke Peninsula - South,21.817490842490756
2018,Ceduna,11.96715686274502
2018,Eyre Peninsula,19.04911529680353
2018,Kimba - Cleve - Franklin Harbour,13.909595959595828
2018,Le Hunte - Elliston,17.064901290812315
2018,Port Lincoln,19.67333333333321
2018,West Coast (SA),13.538899613899515
2018,Quorn - Lake Gilles,11.114855072463646
2018,Kangaroo Island,32.6977360308284
2018,Millicent,
2018,Penola,
2018,Tatiara,69.30686767169169
2018,Wattle Range,
2018,Mildura Region,
2018,Barmera,35.63466666666657
2018,Karoonda - Lameroo,47.56434852118297
2018,Mannum,35.10384615384603
2018,Naracoorte Region,81.096212121212
2018,Loxton Region,38.22406504065032
2018,The Coorong,46.284441233140555
2018,Renmark Region,35.48779761904755
2018,Murray Bridge Region,33.04485596707808
2018,Strathalbyn Region,26.054999999999897
2018,Waikerie,36.27737341772141
2019,Northampton - Mullewa - Greenough,10.149854085603
2019,Geraldton,9.741666666666527
2019,Bridgetown - Boyup Brook,
2019,Gnowangerup,33.21232344632758
2019,Katanning,
2019,Kojonup,
2019,Plantagenet,
2019,Chittering,6.549019607843032
2019,Cunderdin,16.661878109452573
2019,Dowerin,9.636104559748313
2019,Gingin - Dandaragan,9.352297297297154
2019,Merredin,17.05340090090076
2019,Moora,6.932296296296169
2019,Mukinbudin,13.025356506238719
2019,Northam,13.063372093023116
2019,Toodyay,8.406578947368311
2019,York - Beverley,17.140873015872856
2019,Brookton,18.301788124156424
2019,Kulin,32.57285714285703
2019,Murray,9.119298245613928
2019,Narrogin,21.06203703703693
2019,Wagin,23.176062416998562
2019,Irwin,12.070265151515041
2019,Morawa,8.07375131440577
2019,Esperance Region,13.563568935427444
2019,Albany Region,
2019,Naracoorte Region,
2019,Alfredton,64.54166666666656
2019,Smythes Creek,69.29166666666656
2019,Wendouree - Miners Rest,
2019,Bacchus Marsh Region,65.17467948717936
2019,Creswick - Clunes,62.34848484848475
2019,Gordon (Vic.),62.42753623188395
2019,Avoca,68.25509950248745
2019,Beaufort,74.24988888888878
2019,Golden Plains - North,76.13266666666657
2019,Maryborough Region,62.47823383084565
2019,Loddon,52.3004016064256
2019,Golden Plains - South,68.28135593220328
2019,Winchelsea,78.11162280701743
2019,Euroa,159.93470464135004
2019,Nagambie,51.24829059829044
2019,Rutherglen,
2019,Nhill Region,47.14427083333322
2019,St Arnaud,61.9711693548386
2019,Stawell,65.66392543859637
2019,West Wimmera,60.17730855855844
2019,Yarriambiack,47.26873456790113
2019,Buloke,42.390576323987446
2019,Gannawarra,45.97952196382419
2019,Kerang,49.626666666666594
2019,Robinvale,
2019,Echuca,33.86071428571412
2019,Kyabram,34.53132183908031
2019,Lockington - Gunbower,41.86717948717934
2019,Rochester,38.6119047619046
2019,Rushworth,45.450730994151904
2019,Moira,201.7166666666665
2019,Numurkah,54.71563786008213
2019,Yarrawonga,228.26666666666645
2019,Glenelg (Vic.),68.86581632653049
2019,Corangamite - North,87.37628205128193
2019,Moyne - East,84.50455426356578
2019,Moyne - West,77.92760416666655
2019,Deniliquin Region,
2019,Benalla Region,255.16301169590625
2019,Wangaratta Region,
2019,Shepparton Region - West,82.44398148148133
2019,Swan Hill Region,47.07699692780327
2019,Mildura Region,48.19225440806036
2019,Horsham Region,56.878098290598174
2019,Castlemaine Region,59.92732558139525
2019,Ararat Region,76.92545977011483
2019,Southern Grampians,69.53100858369083
2019,Albury - East,
2019,Colac Region,86.97106918238985
2019,Bendigo Region - North,53.15663841807898
2019,Corowa Region,200.1779962546815
2019,Tocumwal - Finley - Jerilderie,114.66418350168334
2019,Scone Region,56.28529411764686
2019,Condobolin,35.053677685950255
2019,Inverell,33.08749999999984
2019,Inverell Region - East,33.42903066271001
2019,Forbes,67.56775568181801
2019,Inverell Region - West,24.58770358306172
2019,Grenfell,78.67693965517225
2019,Parkes (NSW),79.66874999999983
2019,Quirindi,44.42743902439007
2019,Parkes Region,68.49567757009326
2019,West Wyalong,74.81788617886163
2019,Leeton,157.32166666666646
2019,Narrandera,170.66676413255345
2019,Tumut Region,
2019,Mudgee Region - West,93.03745791245774
2019,Cootamundra,
2019,Gundagai,
2019,Blayney,156.61538461538444
2019,Junee,
2019,Orange Region,183.83663366336614
2019,Cowra Region,143.67397003745302
2019,Temora,102.53453525641008
2019,Grafton Region,27.54166666666651
2019,Yass Region,
2019,Young Region,76.83888888888876
2019,Wagga Wagga Region,148.34833333333313
2019,Griffith Region,62.026568627450835
2019,Deniliquin Region,44.7580936073058
2019,Coonamble,30.100287976961678
2019,Nyngan - Warren,27.17789634146325
2019,Walgett - Lightning Ridge,23.719533571004
2019,Coonabarabran,36.36189827429593
2019,Bathurst Region,129.58888888888873
2019,Gilgandra,37.826838235293955
2019,Dubbo Region,58.93600823045251
2019,Narromine,34.08919213973781
2019,Gunnedah Region,32.76530920060314
2019,Albury Region,
2019,Tamworth Region,32.02813163481935
2019,Wellington,109.89738442822365
2019,Narrabri Region,26.01794871794856
2019,Moree Region,24.09567481884042
2019,Hay,58.453269230769095
2019,Wentworth-Balranald Region,49.11570434070422
2019,Pittsworth,25.436261261261084
2019,Wambo,17.496587301587144
2019,Roma Region,10.989805595068596
2019,Charleville,9.156249999999877
2019,Clifton - Greenmount,33.43586956521721
2019,Southern Downs - East,39.122267759562654
2019,Southern Downs - West,30.471219931271296
2019,Cambooya - Wyreema,32.09537037037018
2019,Central Highlands - East,14.004179104477458
2019,Central Highlands - West,10.909524983563301
2019,Banana,13.02604883644691
2019,Biloela,14.84166666666647
2019,Monto - Eidsvold,14.686554447215125
2019,Lockyer Valley - East,44.18557692307673
2019,Broadsound - Nebo,20.321395705521304
2019,Clermont,11.055216126350631
2019,Balonne,22.645226864330464
2019,Chinchilla,13.678240740740579
2019,Goondiwindi,22.460539215686094
2019,Inglewood - Waggamba,22.417509072057882
2019,Miles - Wandoan,12.055927636643409
2019,Tara,18.19327515400394
2019,Crows Nest - Rosalie,26.5356442577029
2019,Kingaroy Region - North,16.14989795918351
2019,Jondaryan,19.422257383966066
2019,Millmerran,26.184151329243175
2019,Port Pirie Region,13.463184079601884
2019,Barossa - Angaston,24.190123456790026
2019,Light,20.887015503875887
2019,Mallala,15.275555555555457
2019,Gawler - North,17.484722222222157
2019,Clare,19.47083333333328
2019,Lewiston - Two Wells,15.674999999999907
2019,Nhill Region,
2019,Gilbert Valley,21.26038461538453
2019,Goyder,24.112637969094827
2019,Wakefield - Barunga West,15.984272300469392
2019,Jamestown,15.929166666666575
2019,Peterborough - Mount Remarkable,15.044197207678783
2019,Kadina,13.573437499999907
2019,Moonta,12.693589743589667
2019,Wallaroo,12.536111111110989
2019,Yorke Peninsula - North,12.61326291079802
2019,Yorke Peninsula - South,13.690659340659234
2019,Ceduna,4.238725490195951
2019,Eyre Peninsula,9.227768264840067
2019,Kimba - Cleve - Franklin Harbour,12.262229437229319
2019,Le Hunte - Elliston,9.753587699316508
2019,Port Lincoln,8.883333333333212
2019,West Coast (SA),5.363674388674279
2019,Quorn - Lake Gilles,13.397282608695537
2019,Kangaroo Island,21.830780346820692
2019,Millicent,
2019,Penola,
2019,Tatiara,42.290954773869245
2019,Wattle Range,
2019,Mildura Region,
2019,Barmera,55.72633333333322
2019,Karoonda - Lameroo,34.82148281374891
2019,Mannum,31.88564102564091
2019,Naracoorte Region,56.187121212121106
2019,Loxton Region,45.94089430894298
2019,The Coorong,30.676613680154055
2019,Renmark Region,57.66160714285703
2019,Murray Bridge Region,27.394444444444357
2019,Strathalbyn Region,23.407166666666566
2019,Waikerie,50.1757911392404
2020,Northampton - Mullewa - Greenough,11.577415693903868
2020,Geraldton,7.836363636363476
2020,Bridgetown - Boyup Brook,
2020,Gnowangerup,30.5939265536722
2020,Katanning,
2020,Kojonup,
2020,Plantagenet,
2020,Chittering,9.384313725490081
2020,Cunderdin,39.54987562189039
2020,Dowerin,19.12366352201244
2020,Gingin - Dandaragan,12.150405405405277
2020,Merredin,39.62894144144128
2020,Moora,12.541296296296164
2020,Mukinbudin,32.66717914438487
2020,Northam,19.466279069767296
2020,Toodyay,10.674342105263026
2020,York - Beverley,32.36468253968238
2020,Brookton,39.48606612685545
2020,Kulin,36.2953388278387
2020,Murray,28.057017543859526
2020,Narrogin,36.591666666666534
2020,Wagin,35.41932270916322
2020,Irwin,12.694696969696803
2020,Morawa,9.666627234489866
2020,Esperance Region,30.048200261779968
2020,Albany Region,
2020,Naracoorte Region,
2020,Alfredton,85.74166666666649
2020,Smythes Creek,86.38333333333317
2020,Wendouree - Miners Rest,
2020,Bacchus Marsh Region,66.47660256410242
2020,Creswick - Clunes,86.43308080808069
2020,Gordon (Vic.),69.15036231884045
2020,Avoca,85.64340796019889
2020,Beaufort,88.6654444444443
2020,Golden Plains - North,81.06866666666652
2020,Maryborough Region,83.8118159203979
2020,Loddon,78.00465194109759
2020,Golden Plains - South,66.6453389830507
2020,Winchelsea,64.50043859649108
2020,Euroa,141.915928270042
2020,Nagambie,60.90149572649554
2020,Rutherglen,
2020,Nhill Region,62.9287990196077
2020,St Arnaud,74.0586021505375
2020,Stawell,75.42412280701743
2020,West Wimmera,78.36486486486474
2020,Yarriambiack,62.96256172839494
2020,Buloke,63.179387331256365
2020,Gannawarra,80.22422480620142
2020,Kerang,91.45166666666657
2020,Robinvale,
2020,Echuca,67.13333333333316
2020,Kyabram,69.32068965517223
2020,Lockington - Gunbower,70.14615384615368
2020,Rochester,68.86488095238077
2020,Rushworth,71.83260233918111
2020,Moira,210.6950892857141
2020,Numurkah,77.04526748971173
2020,Yarrawonga,234.897222222222
2020,Glenelg (Vic.),83.71394557823116
2020,Corangamite - North,83.44093406593393
2020,Moyne - East,82.24234496124019
2020,Moyne - West,80.84114583333321
2020,Deniliquin Region,
2020,Benalla Region,245.5393274853799
2020,Wangaratta Region,
2020,Shepparton Region - West,97.74111111111094
2020,Swan Hill Region,61.31824116743459
2020,Mildura Region,42.89653652392935
2020,Horsham Region,70.01688034188021
2020,Castlemaine Region,73.87364341085258
2020,Ararat Region,82.20913793103436
2020,Southern Grampians,80.69231044349058
2020,Albury - East,
2020,Colac Region,75.33820754716967
2020,Bendigo Region - North,72.04265536723148
2020,Corowa Region,152.78726591760284
2020,Tocumwal - Finley - Jerilderie,92.68350168350152
2020,Scone Region,86.76323529411745
2020,Condobolin,44.04431129476567
2020,Inverell,62.88749999999981
2020,Inverell Region - East,52.89085064292761
2020,Forbes,57.479308712121025
2020,Inverell Region - West,52.33224755700308
2020,Grenfell,58.0073994252872
2020,Parkes (NSW),57.647916666666475
2020,Quirindi,91.82872628726268
2020,Parkes Region,55.55755451713379
2020,West Wyalong,49.388211382113646
2020,Leeton,66.33166666666651
2020,Narrandera,86.71076998050664
2020,Tumut Region,
2020,Mudgee Region - West,127.9754208754207
2020,Cootamundra,
2020,Gundagai,
2020,Blayney,136.08525641025622
2020,Junee,
2020,Orange Region,119.62310231023083
2020,Cowra Region,110.67649812734065
2020,Temora,90.94759615384598
2020,Grafton Region,67.31249999999984
2020,Yass Region,
2020,Young Region,72.08796296296279
2020,Wagga Wagga Region,118.92874999999981
2020,Griffith Region,52.4836666666665
2020,Deniliquin Region,69.3615068493149
2020,Coonamble,35.78941684665209
2020,Nyngan - Warren,39.41158536585349
2020,Walgett - Lightning Ridge,42.183645276292154
2020,Coonabarabran,62.0382152588554
2020,Bathurst Region,136.84166666666647
2020,Gilgandra,46.35302287581681
2020,Dubbo Region,69.4536008230451
2020,Narromine,44.89206695778731
2020,Gunnedah Region,65.65252639517327
2020,Albury Region,
2020,Tamworth Region,73.44097664543509
2020,Wellington,107.93832116788303
2020,Narrabri Region,52.00564102564085
2020,Moree Region,53.0183650362317
2020,Hay,64.5539102564101
2020,Wentworth-Balranald Region,52.58335380835368
2020,Pittsworth,52.286036036035846
2020,Wambo,45.70690476190459
2020,Roma Region,38.656341868183794
2020,Charleville,33.991666666666475
2020,Clifton - Greenmount,57.12771739130418
2020,Southern Downs - East,67.94234972677576
2020,Southern Downs - West,56.36649484536064
2020,Cambooya - Wyreema,51.80833333333317
2020,Central Highlands - East,60.37446517412917
2020,Central Highlands - West,45.84310486522007
2020,Banana,52.48347263192378
2020,Biloela,66.07499999999982
2020,Monto - Eidsvold,50.92477140482111
2020,Lockyer Valley - East,61.98237179487161
2020,Broadsound - Nebo,67.4423057259712
2020,Clermont,49.882107231920024
2020,Balonne,39.98344564240772
2020,Chinchilla,44.48301504629612
2020,Goondiwindi,44.013970588235104
2020,Inglewood - Waggamba,44.90609123898375
2020,Miles - Wandoan,38.65092378752868
2020,Tara,45.59216290212165
2020,Crows Nest - Rosalie,49.810434173669286
2020,Kingaroy Region - North,51.41778911564607
2020,Jondaryan,47.13966244725721
2020,Millmerran,50.9515337423311
2020,Port Pirie Region,48.48134328358195
2020,Barossa - Angaston,42.79506172839491
2020,Light,39.99437984496111
2020,Mallala,43.495555555555434
2020,Gawler - North,40.55833333333323
2020,Clare,46.599999999999866
2020,Lewiston - Two Wells,40.820833333333205
2020,Nhill Region,
2020,Gilbert Valley,42.129615384615256
2020,Goyder,43.531898454745985
2020,Wakefield - Barunga West,51.523395931142275
2020,Jamestown,47.330531609195255
2020,Peterborough - Mount Remarkable,36.51204188481662
2020,Kadina,52.31249999999986
2020,Moonta,47.63717948717936
2020,Wallaroo,47.676388888888745
2020,Yorke Peninsula - North,44.45311032863836
2020,Yorke Peninsula - South,36.66749084249071
2020,Ceduna,38.76225490196067
2020,Eyre Peninsula,28.75950342465741
2020,Kimba - Cleve - Franklin Harbour,33.13037518037505
2020,Le Hunte - Elliston,27.964635535307384
2020,Port Lincoln,27.954999999999842
2020,West Coast (SA),33.02284427284415
2020,Quorn - Lake Gilles,34.65760869565202
2020,Kangaroo Island,43.70178227360294
2020,Millicent,
2020,Penola,
2020,Tatiara,61.13048576214393
2020,Wattle Range,
2020,Mildura Region,
2020,Barmera,39.98699999999986
2020,Karoonda - Lameroo,43.18944844124688
2020,Mannum,43.46897435897422
2020,Naracoorte Region,77.45909090909076
2020,Loxton Region,41.4271951219511
2020,The Coorong,41.8695086705201
2020,Renmark Region,34.55565476190464
2020,Murray Bridge Region,42.63415637860069
2020,Strathalbyn Region,38.829833333333184
2020,Waikerie,45.16698312236272
2021,Northampton - Mullewa - Greenough,37.50241569390387
2021,Geraldton,41.645454545454406
2021,Bridgetown - Boyup Brook,
2021,Gnowangerup,21.076200564971632
2021,Katanning,
2021,Kojonup,
2021,Plantagenet,
2021,Chittering,19.38578431372532
2021,Cunderdin,34.38479477611926
2021,Dowerin,21.329520440251418
2021,Gingin - Dandaragan,28.935900900900734
2021,Merredin,33.35038288288275
2021,Moora,22.54635185185169
2021,Mukinbudin,24.493560606060463
2021,Northam,33.121705426356435
2021,Toodyay,27.69868421052617
2021,York - Beverley,33.76772486772471
2021,Brookton,31.111201079622017
2021,Kulin,22.74708791208779
2021,Murray,26.02324561403499
2021,Narrogin,27.86851851851841
2021,Wagin,26.99375830013269
2021,Irwin,49.36723484848469
2021,Morawa,31.376327549947263
2021,Esperance Region,32.54070680628258
2021,Albany Region,
2021,Naracoorte Region,
2021,Alfredton,102.79166666666647
2021,Smythes Creek,102.89999999999986
2021,Wendouree - Miners Rest,
2021,Bacchus Marsh Region,84.29679487179472
2021,Creswick - Clunes,101.68712121212111
2021,Gordon (Vic.),95.27862318840566
2021,Avoca,96.14626865671629
2021,Beaufort,98.29855555555542
2021,Golden Plains - North,105.52999999999983
2021,Maryborough Region,98.87711442786059
2021,Loddon,92.2694444444443
2021,Golden Plains - South,101.47048022598852
2021,Winchelsea,97.47302631578931
2021,Euroa,199.08924050632893
2021,Nagambie,85.51217948717928
2021,Rutherglen,
2021,Nhill Region,62.14534313725477
2021,St Arnaud,93.01915322580632
2021,Stawell,80.07160087719282
2021,West Wimmera,69.48997747747735
2021,Yarriambiack,71.737160493827
2021,Buloke,84.07866043613693
2021,Gannawarra,84.3834625322996
2021,Kerang,88.99499999999986
2021,Robinvale,
2021,Echuca,96.73690476190458
2021,Kyabram,104.29022988505727
2021,Lockington - Gunbower,93.27397435897419
2021,Rochester,100.14345238095221
2021,Rushworth,104.76637426900567
2021,Moira,315.3845238095236
2021,Numurkah,117.5224279835389
2021,Yarrawonga,358.6277777777777
2021,Glenelg (Vic.),92.28299319727877
2021,Corangamite - North,108.66428571428557
2021,Moyne - East,105.22034883720919
2021,Moyne - West,109.09765624999986
2021,Deniliquin Region,
2021,Benalla Region,348.97616959064305
2021,Wangaratta Region,
2021,Shepparton Region - West,138.28944444444426
2021,Swan Hill Region,68.32580645161273
2021,Mildura Region,42.69750209907626
2021,Horsham Region,60.953151709401574
2021,Castlemaine Region,89.77868217054252
2021,Ararat Region,87.60609195402286
2021,Southern Grampians,83.18079399141615
2021,Albury - East,
2021,Colac Region,113.17342767295582
2021,Bendigo Region - North,92.95254237288118
2021,Corowa Region,251.72284644194744
2021,Tocumwal - Finley - Jerilderie,153.38362794612777
2021,Scone Region,64.01078431372534
2021,Condobolin,49.95763085399431
2021,Inverell,75.04999999999983
2021,Inverell Region - East,64.7683234421363
2021,Forbes,69.37428977272711
2021,Inverell Region - West,66.70697611292056
2021,Grenfell,66.15883620689637
2021,Parkes (NSW),75.60937499999983
2021,Quirindi,89.26266937669358
2021,Parkes Region,69.958528037383
2021,West Wyalong,60.60015243902421
2021,Leeton,84.50166666666647
2021,Narrandera,104.48226120857683
2021,Tumut Region,
2021,Mudgee Region - West,99.63712121212102
2021,Cootamundra,
2021,Gundagai,
2021,Blayney,146.17435897435882
2021,Junee,
2021,Orange Region,119.0495874587457
2021,Cowra Region,121.4926966292133
2021,Temora,106.4337339743588
2021,Grafton Region,79.58333333333316
2021,Yass Region,
2021,Young Region,76.99907407407389
2021,Wagga Wagga Region,141.36729166666646
2021,Griffith Region,58.18260784313708
2021,Deniliquin Region,83.49533105022815
2021,Coonamble,53.97768178545699
2021,Nyngan - Warren,58.139176829268116
2021,Walgett - Lightning Ridge,49.47026143790832
2021,Coonabarabran,52.210740236148766
2021,Bathurst Region,133.02222222222204
2021,Gilgandra,46.42046568627432
2021,Dubbo Region,60.9482510288064
2021,Narromine,56.43748180494887
2021,Gunnedah Region,66.66693061840104
2021,Albury Region,
2021,Tamworth Region,81.60530785562615
2021,Wellington,88.59294403892926
2021,Narrabri Region,56.38538461538444
2021,Moree Region,58.02982336956504
2021,Hay,63.992243589743424
2021,Wentworth-Balranald Region,42.91205978705965
2021,Pittsworth,72.61666666666648
2021,Wambo,67.66194444444426
2021,Roma Region,55.64794333807473
2021,Charleville,52.84374999999984
2021,Clifton - Greenmount,78.19800724637663
2021,Southern Downs - East,70.81530054644792
2021,Southern Downs - West,73.30171821305824
2021,Cambooya - Wyreema,78.78333333333313
2021,Central Highlands - East,69.56251243781075
2021,Central Highlands - West,58.174350756081346
2021,Banana,71.91092264831185
2021,Biloela,86.2249999999998
2021,Monto - Eidsvold,86.98447630922674
2021,Lockyer Valley - East,83.416987179487
2021,Broadsound - Nebo,73.1502556237217
2021,Clermont,59.48310473815444
2021,Balonne,64.27259658580395
2021,Chinchilla,75.04704861111094
2021,Goondiwindi,72.50857843137236
2021,Inglewood - Waggamba,65.14996111975098
2021,Miles - Wandoan,66.00844880677425
2021,Tara,67.8851129363448
2021,Crows Nest - Rosalie,75.41582633053203
2021,Kingaroy Region - North,74.09928571428553
2021,Jondaryan,70.92658227848084
2021,Millmerran,63.55945807770943
2021,Port Pirie Region,21.733830845771017
2021,Barossa - Angaston,37.28734567901219
2021,Light,36.13914728682157
2021,Mallala,38.738055555555434
2021,Gawler - North,37.49999999999985
2021,Clare,25.558333333333223
2021,Lewiston - Two Wells,38.59999999999987
2021,Nhill Region,
2021,Gilbert Valley,29.734871794871673
2021,Goyder,27.824448123620183
2021,Wakefield - Barunga West,29.712949921752625
2021,Jamestown,20.75158045976999
2021,Peterborough - Mount Remarkable,19.08712914485152
2021,Kadina,31.629166666666542
2021,Moonta,31.454487179487067
2021,Wallaroo,28.565277777777666
2021,Yorke Peninsula - North,36.033392018779224
2021,Yorke Peninsula - South,35.96831501831488
2021,Ceduna,24.004901960784196
2021,Eyre Peninsula,19.883761415525
2021,Kimba - Cleve - Franklin Harbour,19.68600288600277
2021,Le Hunte - Elliston,18.5403189066058
2021,Port Lincoln,20.79666666666654
2021,West Coast (SA),22.65918597168585
2021,Quorn - Lake Gilles,19.339130434782493
2021,Kangaroo Island,43.17524084778406
2021,Millicent,
2021,Penola,
2021,Tatiara,56.07742881072015
2021,Wattle Range,
2021,Mildura Region,
2021,Barmera,42.735333333333195
2021,Karoonda - Lameroo,36.40833333333322
2021,Mannum,35.93224358974346
2021,Naracoorte Region,74.17196969696955
2021,Loxton Region,39.63345528455272
2021,The Coorong,46.83111753371857
2021,Renmark Region,45.74613095238082
2021,Murray Bridge Region,40.52572016460891
2021,Strathalbyn Region,41.90899999999987
2021,Waikerie,39.936286919831105
2022,Northampton - Mullewa - Greenough,21.451491569390253
2022,Geraldton,16.94015151515136
2022,Bridgetown - Boyup Brook,
2022,Gnowangerup,18.96207627118629
2022,Katanning,
2022,Kojonup,
2022,Plantagenet,
2022,Chittering,29.91470588235282
2022,Cunderdin,43.94990671641776
2022,Dowerin,26.62963836477973
2022,Gingin - Dandaragan,22.282747747747607
2022,Merredin,36.19218468468453
2022,Moora,23.267111111110964
2022,Mukinbudin,31.38768939393923
2022,Northam,42.28779069767427
2022,Toodyay,35.64232456140336
2022,York - Beverley,47.2484788359787
2022,Brookton,38.02125506072861
2022,Kulin,22.22849816849804
2022,Murray,31.958333333333197
2022,Narrogin,25.086574074073962
2022,Wagin,24.6961819389109
2022,Irwin,16.558522727272575
2022,Morawa,17.93389852786525
2022,Esperance Region,34.10034904013946
2022,Albany Region,
2022,Naracoorte Region,
2022,Alfredton,87.91666666666647
2022,Smythes Creek,88.95833333333314
2022,Wendouree - Miners Rest,
2022,Bacchus Marsh Region,86.41602564102548
2022,Creswick - Clunes,90.45656565656549
2022,Gordon (Vic.),83.68043478260853
2022,Avoca,79.56666666666648
2022,Beaufort,88.39133333333315
2022,Golden Plains - North,90.38099999999984
2022,Maryborough Region,81.78221393034808
2022,Loddon,68.95147255689409
2022,Golden Plains - South,80.49689265536705
2022,Winchelsea,78.92960526315774
2022,Euroa,185.06983122362854
2022,Nagambie,82.48995726495707
2022,Rutherglen,
2022,Nhill Region,56.09662990196063
2022,St Arnaud,67.56317204301057
2022,Stawell,71.84934210526298
2022,West Wimmera,63.91114864864849
2022,Yarriambiack,56.327993827160306
2022,Buloke,58.28548805815144
2022,Gannawarra,63.00465116279054
2022,Kerang,58.036666666666505
2022,Robinvale,
2022,Echuca,73.27023809523791
2022,Kyabram,74.9614942528734
2022,Lockington - Gunbower,74.7465384615383
2022,Rochester,81.63928571428552
2022,Rushworth,98.10847953216356
2022,Moira,260.71651785714266
2022,Numurkah,91.74917695473232
2022,Yarrawonga,293.65833333333313
2022,Glenelg (Vic.),83.84472789115631
2022,Corangamite - North,100.27170329670314
2022,Moyne - East,103.45813953488359
2022,Moyne - West,101.13619791666653
2022,Deniliquin Region,
2022,Benalla Region,319.2137426900583
2022,Wangaratta Region,
2022,Shepparton Region - West,120.33222222222204
2022,Swan Hill Region,59.58014592933931
2022,Mildura Region,51.14666246851368
2022,Horsham Region,66.25368589743574
2022,Castlemaine Region,87.0478682170541
2022,Ararat Region,87.80436781609178
2022,Southern Grampians,84.06977825464934
2022,Albury - East,
2022,Colac Region,95.88459119496838
2022,Bendigo Region - North,82.5570621468925
2022,Corowa Region,193.28239700374513
2022,Tocumwal - Finley - Jerilderie,121.34764309764289
2022,Scone Region,81.52499999999982
2022,Condobolin,68.76353994490341
2022,Inverell,78.87083333333314
2022,Inverell Region - East,77.0357319485656
2022,Forbes,80.3793560606059
2022,Inverell Region - West,72.78447339847973
2022,Grenfell,76.6061063218389
2022,Parkes (NSW),87.59166666666647
2022,Quirindi,81.71924119241174
2022,Parkes Region,82.11580996884717
2022,West Wyalong,69.30322662601608
2022,Leeton,79.69222222222204
2022,Narrandera,110.73528265107194
2022,Tumut Region,
2022,Mudgee Region - West,95.0872053872052
2022,Cootamundra,
2022,Gundagai,
2022,Blayney,129.53012820512805
2022,Junee,
2022,Orange Region,126.39480198019784
2022,Cowra Region,128.3447565543069
2022,Temora,103.03068910256391
2022,Grafton Region,90.8013888888887
2022,Yass Region,
2022,Young Region,84.35462962962944
2022,Wagga Wagga Region,148.9272916666665
2022,Griffith Region,71.89205882352924
2022,Deniliquin Region,71.8478767123286
2022,Coonamble,63.83372930165569
2022,Nyngan - Warren,55.02794715447136
2022,Walgett - Lightning Ridge,66.03885918003547
2022,Coonabarabran,74.80361035422324
2022,Bathurst Region,121.38611111111095
2022,Gilgandra,61.12916666666648
2022,Dubbo Region,73.88713991769531
2022,Narromine,65.18278748180478
2022,Gunnedah Region,65.0466440422321
2022,Albury Region,
2022,Tamworth Region,78.31040339702743
2022,Wellington,97.904318734793
2022,Narrabri Region,54.10133699633681
2022,Moree Region,61.686413043478076
2022,Hay,72.74769230769215
2022,Wentworth-Balranald Region,50.17334152334135
2022,Pittsworth,73.05180180180163
2022,Wambo,68.7861507936506
2022,Roma Region,60.7602121858699
2022,Charleville,54.24583333333314
2022,Clifton - Greenmount,90.72047101449257
2022,Southern Downs - East,137.83224043715828
2022,Southern Downs - West,94.12508591065277
2022,Cambooya - Wyreema,81.5666666666665
2022,Central Highlands - East,70.38554726368142
2022,Central Highlands - West,62.86242603550277
2022,Banana,65.98654539495229
2022,Biloela,71.77499999999986
2022,Monto - Eidsvold,68.46080631753931
2022,Lockyer Valley - East,149.06378205128186
2022,Broadsound - Nebo,79.73607702794801
2022,Clermont,66.07084372402309
2022,Balonne,57.24421608265929
2022,Chinchilla,69.858622685185
2022,Goondiwindi,63.078921568627266
2022,Inglewood - Waggamba,65.97183773976134
2022,Miles - Wandoan,69.49087759815225
2022,Tara,70.63139972621475
2022,Crows Nest - Rosalie,92.66099439775891
2022,Kingaroy Region - North,83.21557823129234
2022,Jondaryan,72.3387130801686
2022,Millmerran,67.8892638036808
2022,Port Pirie Region,45.59116915422868
2022,Barossa - Angaston,47.81882716049364
2022,Light,47.16414728682153
2022,Mallala,48.165277777777604
2022,Gawler - North,46.25138888888873
2022,Clare,45.97499999999981
2022,Lewiston - Two Wells,46.44583333333317
2022,Nhill Region,
2022,Gilbert Valley,47.13256410256393
2022,Goyder,45.13289183222939
2022,Wakefield - Barunga West,49.28548513302018
2022,Jamestown,41.87744252873547
2022,Peterborough - Mount Remarkable,38.67875218150071
2022,Kadina,54.04374999999985
2022,Moonta,54.66217948717934
2022,Wallaroo,53.73333333333318
2022,Yorke Peninsula - North,54.87147887323926
2022,Yorke Peninsula - South,57.0813186813185
2022,Ceduna,36.40735294117632
2022,Eyre Peninsula,52.677739726027234
2022,Kimba - Cleve - Franklin Harbour,50.36491702741687
2022,Le Hunte - Elliston,47.51171222475308
2022,Port Lincoln,57.89166666666648
2022,West Coast (SA),39.770881595881455
2022,Quorn - Lake Gilles,47.37952898550709
2022,Kangaroo Island,60.2425337186896
2022,Millicent,
2022,Penola,
2022,Tatiara,60.51863484087087
2022,Wattle Range,
2022,Mildura Region,
2022,Barmera,46.43899999999983
2022,Karoonda - Lameroo,47.792925659472274
2022,Mannum,45.03346153846138
2022,Naracoorte Region,63.224999999999824
2022,Loxton Region,45.19186991869904
2022,The Coorong,56.379720616570175
2022,Renmark Region,45.07380952380937
2022,Murray Bridge Region,42.04825102880643
2022,Strathalbyn Region,51.656333333333166
2022,Waikerie,51.064504219409116
2023,Northampton - Mullewa - Greenough,5.4287127107651
2023,Geraldton,4.542424242424135
2023,Bridgetown - Boyup Brook,
2023,Gnowangerup,15.696362994350178
2023,Katanning,
2023,Kojonup,
2023,Plantagenet,
2023,Chittering,18.03431372549011
2023,Cunderdin,26.38100124378097
2023,Dowerin,15.129677672955868
2023,Gingin - Dandaragan,21.761351351351234
2023,Merredin,18.326171171171048
2023,Moora,13.7190185185184
2023,Mukinbudin,15.176024955436597
2023,Northam,26.66337209302313
2023,Toodyay,23.37697368421043
2023,York - Beverley,30.888756613756488
2023,Brookton,23.551754385964806
2023,Kulin,15.238937728937627
2023,Murray,20.26271929824552
2023,Narrogin,15.229166666666579
2023,Wagin,15.198273572377074
2023,Irwin,7.096590909090761
2023,Morawa,8.698186119873688
2023,Esperance Region,33.14067408376951
2023,Albany Region,
2023,Naracoorte Region,
2023,Alfredton,121.08333333333319
2023,Smythes Creek,123.30833333333321
2023,Wendouree - Miners Rest,
2023,Bacchus Marsh Region,111.5753205128204
2023,Creswick - Clunes,113.10656565656554
2023,Gordon (Vic.),109.48115942028971
2023,Avoca,122.40485074626855
2023,Beaufort,134.55066666666656
2023,Golden Plains - North,128.1186666666665
2023,Maryborough Region,112.67151741293522
2023,Loddon,114.94588353413646
2023,Golden Plains - South,113.96370056497159
2023,Winchelsea,119.6975877192981
2023,Euroa,237.68196202531632
2023,Nagambie,127.91965811965794
2023,Rutherglen,
2023,Nhill Region,81.97107843137242
2023,St Arnaud,112.77452956989237
2023,Stawell,116.65109649122796
2023,West Wimmera,94.9162725225224
2023,Yarriambiack,86.46873456790114
2023,Buloke,94.54950674974029
2023,Gannawarra,106.02377260981903
2023,Kerang,112.81499999999991
2023,Robinvale,
2023,Echuca,98.22261904761889
2023,Kyabram,97.6689655172412
2023,Lockington - Gunbower,110.00038461538452
2023,Rochester,107.8613095238094
2023,Rushworth,116.65584795321622
2023,Moira,284.6267857142856
2023,Numurkah,120.4663580246912
2023,Yarrawonga,290.46111111111094
2023,Glenelg (Vic.),124.15510204081619
2023,Corangamite - North,139.79175824175817
2023,Moyne - East,142.24602713178282
2023,Moyne - West,137.70234374999987
2023,Deniliquin Region,
2023,Benalla Region,346.4641812865495
2023,Wangaratta Region,
2023,Shepparton Region - West,168.10425925925907
2023,Swan Hill Region,69.95940860215045
2023,Mildura Region,67.87693115029377
2023,Horsham Region,98.7136217948717
2023,Castlemaine Region,99.02926356589137
2023,Ararat Region,136.94597701149414
2023,Southern Grampians,120.25354077253206
2023,Albury - East,
2023,Colac Region,123.3754716981131
2023,Bendigo Region - North,107.67782485875695
2023,Corowa Region,167.824906367041
2023,Tocumwal - Finley - Jerilderie,120.7497895622894
2023,Scone Region,76.7950980392155
2023,Condobolin,50.983746556473704
2023,Inverell,67.54166666666649
2023,Inverell Region - East,53.30390702274957
2023,Forbes,72.15539772727257
2023,Inverell Region - West,50.72611292073817
2023,Grenfell,82.20352011494238
2023,Parkes (NSW),79.95937499999984
2023,Quirindi,81.87378048780471
2023,Parkes Region,67.92297507788146
2023,West Wyalong,63.75851117886166
2023,Leeton,64.67055555555538
2023,Narrandera,97.26973684210509
2023,Tumut Region,
2023,Mudgee Region - West,117.83914141414124
2023,Cootamundra,
2023,Gundagai,
2023,Blayney,149.75384615384598
2023,Junee,
2023,Orange Region,145.16023102310214
2023,Cowra Region,144.58052434456908
2023,Temora,92.39975961538445
2023,Grafton Region,50.48888888888872
2023,Yass Region,
2023,Young Region,86.63425925925912
2023,Wagga Wagga Region,121.18604166666648
2023,Griffith Region,54.58172549019596
2023,Deniliquin Region,73.55852739726014
2023,Coonamble,54.3524298056154
2023,Nyngan - Warren,54.0289126016259
2023,Walgett - Lightning Ridge,46.72767379679129
2023,Coonabarabran,64.70878746593988
2023,Bathurst Region,136.64722222222204
2023,Gilgandra,50.7147875816992
2023,Dubbo Region,73.67479423868296
2023,Narromine,49.933988355167244
2023,Gunnedah Region,61.29423076923058
2023,Albury Region,
2023,Tamworth Region,68.84580679405502
2023,Wellington,115.81751824817499
2023,Narrabri Region,51.38529304029287
2023,Moree Region,42.98087635869549
2023,Hay,67.68980769230758
2023,Wentworth-Balranald Region,56.17192874692864
2023,Pittsworth,42.96711711711694
2023,Wambo,34.822579365079186
2023,Roma Region,27.972706258890305
2023,Charleville,24.385416666666476
2023,Clifton - Greenmount,41.734239130434595
2023,Southern Downs - East,48.34644808743151
2023,Southern Downs - West,43.39475945017165
2023,Cambooya - Wyreema,41.17222222222205
2023,Central Highlands - East,31.510087064676444
2023,Central Highlands - West,25.14132971729108
2023,Banana,35.71896099639445
2023,Biloela,38.72499999999983
2023,Monto - Eidsvold,41.80876974231071
2023,Lockyer Valley - East,50.862179487179304
2023,Broadsound - Nebo,38.30292263122
2023,Clermont,27.18237738985851
2023,Balonne,38.97535938903846
2023,Chinchilla,35.81603009259241
2023,Goondiwindi,38.624509803921406
2023,Inglewood - Waggamba,39.1162001036805
2023,Miles - Wandoan,37.03571978444939
2023,Tara,35.16676933607102
2023,Crows Nest - Rosalie,42.83382352941158
2023,Kingaroy Region - North,39.39527210884336
2023,Jondaryan,38.97436708860743
2023,Millmerran,38.853527607361784
2023,Port Pirie Region,45.16753731343269
2023,Barossa - Angaston,107.23148148148138
2023,Light,99.28430232558128
2023,Mallala,89.75611111111098
2023,Gawler - North,102.49166666666656
2023,Clare,69.13749999999985
2023,Lewiston - Two Wells,97.8124999999999
2023,Nhill Region,
2023,Gilbert Valley,80.85974358974346
2023,Goyder,73.06915011037515
2023,Wakefield - Barunga West,63.64123630672914
2023,Jamestown,48.55100574712629
2023,Peterborough - Mount Remarkable,36.689354275741564
2023,Kadina,54.7755208333332
2023,Moonta,53.84487179487169
2023,Wallaroo,49.683333333333216
2023,Yorke Peninsula - North,64.59536384976514
2023,Yorke Peninsula - South,70.63214285714274
2023,Ceduna,28.032843137254787
2023,Eyre Peninsula,40.472545662100345
2023,Kimba - Cleve - Franklin Harbour,34.29873737373725
2023,Le Hunte - Elliston,34.886921032649845
2023,Port Lincoln,43.174999999999905
2023,West Coast (SA),31.06449485199473
2023,Quorn - Lake Gilles,31.492934782608557
2023,Kangaroo Island,72.88506743737943
2023,Millicent,
2023,Penola,
2023,Tatiara,86.38902847571177
2023,Wattle Range,
2023,Mildura Region,
2023,Barmera,62.9349999999999
2023,Karoonda - Lameroo,65.65345723421252
2023,Mannum,96.09660256410245
2023,Naracoorte Region,97.771212121212
2023,Loxton Region,61.997520325203155
2023,The Coorong,101.71437861271664
2023,Renmark Region,62.5342261904761
2023,Murray Bridge Region,112.3301440329217
2023,Strathalbyn Region,122.71416666666657
2023,Waikerie,83.27072784810116
